citing_doi,arxiv_id,source,doi_asserted_by,crossref_found,crossref_has_references,crossref_structured_doi_match,crossref_unstructured_match,crossref_reference_key,crossref_error,openalex_citing_found,openalex_arxiv_in_refs,openalex_arxiv_work_id,openalex_error,datacite_event_found,datacite_total_events,datacite_error,opencitations_citing_found,opencitations_arxiv_in_refs,opencitations_oci,opencitations_error,notes
10.1007/s42484-021-00051-z,1412.6980,mined,,True,True,False,True,51_CR17,,False,False,https://openalex.org/W1522301498,citing_not_found,False,,skipped,False,False,,skipped,
10.3103/s0146411622030063,1412.6980,mined,,True,True,False,True,7485_CR18,,True,False,https://openalex.org/W1522301498,,False,,skipped,False,False,,skipped,
10.1080/01431161.2023.2176721,1412.6980,mined,,True,True,False,True,cit0023,,False,False,https://openalex.org/W1522301498,citing_not_found,False,,skipped,False,False,,skipped,
10.1007/978-3-030-20876-9_30,1412.6980,mined,,True,True,False,True,30_CR23,,True,False,https://openalex.org/W1522301498,,False,,skipped,False,False,,skipped,
10.1109/mwscas53549.2025.11244593,1706.03762,asserted,publisher,True,True,True,False,ref20,,True,False,,,False,,skipped,False,False,,skipped,
10.1063/5.0213138,1706.03762,asserted,publisher,True,True,True,False,2024043011562815400_c45,,True,False,,,False,,skipped,False,False,,skipped,
10.1007/s12539-025-00780-w,1706.03762,asserted,publisher,True,True,True,False,780_CR15,,True,False,,,False,,skipped,False,False,,skipped,
10.1145/3604915.3608795,1412.6980,mined,,True,True,False,True,e_1_3_2_1_12_1,,True,False,https://openalex.org/W1522301498,,False,,skipped,False,False,,skipped,
10.1109/seai65851.2025.11108780,1706.03762,asserted,publisher,True,True,True,False,ref6,,True,False,,,False,,skipped,False,False,,skipped,
10.1007/s11704-020-0192-9,1412.6980,mined,,True,True,False,True,192_CR48,,True,False,https://openalex.org/W1522301498,,False,,skipped,False,False,,skipped,
10.1109/ijcb62174.2024.10744523,1706.03762,asserted,publisher,True,True,True,False,ref42,,True,False,,,False,,skipped,False,False,,skipped,
10.1109/tgrs.2023.3262262,1412.6980,mined,,True,True,False,True,ref30,,True,True,https://openalex.org/W1522301498,,False,,skipped,False,False,,skipped,
10.1109/tpami.2024.3462996,1706.03762,asserted,publisher,True,True,True,False,ref36,,True,False,,,False,,skipped,False,False,,skipped,
10.1038/s42256-023-00622-8,1412.6980,mined,,True,True,False,True,622_CR40,,True,False,https://openalex.org/W1522301498,,False,,skipped,False,False,,skipped,
10.1007/978-3-031-43520-1_23,1412.6980,mined,,True,True,False,True,23_CR26,,True,False,https://openalex.org/W1522301498,,False,,skipped,False,False,,skipped,
10.1101/2023.03.28.534642,1412.6980,mined,,True,True,False,True,2023040102500413000_2023.03.28.534642v1.60,,True,False,https://openalex.org/W1522301498,,False,,skipped,False,False,,skipped,
10.1007/978-3-031-40177-0_26,1412.6980,mined,,True,True,False,True,26_CR11,,True,False,https://openalex.org/W1522301498,,False,,skipped,False,False,,skipped,
10.1109/iaecst60924.2023.10502705,1706.03762,asserted,publisher,True,True,True,False,ref10,,True,False,,,False,,skipped,False,False,,skipped,
10.1007/978-3-030-65414-6_13,1412.6980,mined,,True,True,False,True,13_CR13,,True,False,https://openalex.org/W1522301498,,False,,skipped,False,False,,skipped,
10.1109/icdm54844.2022.00018,1706.03762,asserted,publisher,True,True,True,False,ref20,,True,False,,,False,,skipped,False,False,,skipped,
10.1186/s40561-024-00316-7,1706.03762,asserted,publisher,True,True,True,False,316_CR108,,True,False,,,False,,skipped,False,False,,skipped,
10.1145/3665026.3665049,1412.6980,mined,,True,True,False,True,e_1_3_2_1_11_1,,True,False,https://openalex.org/W1522301498,,False,,skipped,False,False,,skipped,
10.1109/ijcnn64981.2025.11227877,1706.03762,asserted,publisher,True,True,True,False,ref8,,True,False,,,False,,skipped,False,False,,skipped,
10.1109/jstars.2025.3526336,1706.03762,asserted,publisher,True,True,True,False,ref52,,True,False,,,False,,skipped,False,False,,skipped,
10.1007/978-3-031-69750-0_14,1412.6980,mined,,True,True,False,True,14_CR27,,False,False,https://openalex.org/W1522301498,citing_not_found,False,,skipped,False,False,,skipped,
10.1109/jstars.2025.3617146,1706.03762,asserted,publisher,True,True,True,False,ref30,,True,False,,,False,,skipped,False,False,,skipped,
10.1109/tevc.2025.3535954,1412.6980,mined,,True,True,False,True,ref47,,False,False,https://openalex.org/W1522301498,citing_not_found,False,,skipped,False,False,,skipped,
10.1145/3686490.3686513,1412.6980,mined,,True,True,False,True,e_1_3_2_1_51_1,,True,False,https://openalex.org/W1522301498,,False,,skipped,False,False,,skipped,
10.3103/s0146411623050061,1409.1556,asserted,publisher,True,True,True,False,7606_CR18,,True,False,https://openalex.org/W1686810756,,False,,skipped,False,False,,skipped,
10.1007/978-3-031-43901-8_64,1412.6980,mined,,True,True,False,True,64_CR8,,True,False,https://openalex.org/W1522301498,,False,,skipped,False,False,,skipped,
10.1080/21681163.2023.2238846,1412.6980,mined,,True,True,False,True,e_1_3_2_28_1,,False,False,https://openalex.org/W1522301498,citing_not_found,False,,skipped,False,False,,skipped,
10.1007/978-3-030-16145-3_16,1412.6980,mined,,True,True,False,True,16_CR12,,True,False,https://openalex.org/W1522301498,,False,,skipped,False,False,,skipped,
10.1109/tpami.2021.3061456,1412.6980,mined,,True,True,False,True,ref39,,True,True,https://openalex.org/W1522301498,,False,,skipped,False,False,,skipped,
10.1021/acs.jcim.4c01097,1412.6980,asserted,publisher,True,True,True,False,ref52/cit52,,True,False,https://openalex.org/W1522301498,,False,,skipped,False,False,,skipped,
10.1007/978-3-031-22941-1_29,1412.6980,mined,,True,True,False,True,29_CR21,,True,False,https://openalex.org/W1522301498,,False,,skipped,False,False,,skipped,
10.1186/s13321-022-00659-8,1706.03762,asserted,publisher,True,True,True,False,659_CR41,,False,False,,citing_not_found,False,,skipped,False,False,,skipped,
10.1007/s40314-022-02180-y,1412.6980,mined,,True,True,False,True,2180_CR21,,True,False,https://openalex.org/W1522301498,,False,,skipped,False,False,,skipped,
10.34133/plantphenomics.0100,1412.6980,mined,,True,True,False,True,10.34133/plantphenomics.0100_bib47,,True,False,https://openalex.org/W1522301498,,False,,skipped,False,False,,skipped,
10.1109/icctdc64446.2025.11158728,1706.03762,asserted,publisher,True,True,True,False,ref2,,True,False,,,False,,skipped,False,False,,skipped,
10.1109/bigdata62323.2024.10825137,1706.03762,asserted,publisher,True,True,True,False,ref9,,True,False,,,False,,skipped,False,False,,skipped,
10.1109/tifs.2023.3326667,1706.03762,asserted,publisher,True,True,True,False,ref15,,True,False,,,False,,skipped,False,False,,skipped,
10.1109/mm.2024.3420728,1706.03762,asserted,publisher,True,True,True,False,ref1,,True,False,,,False,,skipped,False,False,,skipped,
10.1007/s10107-025-02290-5,1412.6980,mined,,True,True,False,True,2290_CR8,,True,False,https://openalex.org/W1522301498,,False,,skipped,False,False,,skipped,
10.1364/oe.535211,1706.03762,asserted,publisher,True,True,True,False,oe-32-19-33917-R27,,False,False,,citing_not_found,False,,skipped,False,False,,skipped,
10.1109/tmi.2025.3541433,1706.03762,asserted,publisher,True,True,True,False,ref4,,True,False,,,False,,skipped,False,False,,skipped,
10.1016/j.neucom.2020.09.029,1412.6980,mined,,True,True,False,True,10.1016/j.neucom.2020.09.029_b0040,,True,False,https://openalex.org/W1522301498,,False,,skipped,False,False,,skipped,
10.1109/tifs.2025.3576576,1706.03762,asserted,publisher,True,True,True,False,ref43,,True,False,,,False,,skipped,False,False,,skipped,
10.1109/tgrs.2025.3610428,1706.03762,asserted,publisher,True,True,True,False,ref20,,True,False,,,False,,skipped,False,False,,skipped,
10.1145/3649310,1412.6980,mined,,True,True,False,True,e_1_3_4_20_1,,True,False,https://openalex.org/W1522301498,,False,,skipped,False,False,,skipped,
10.1109/swc57546.2023.10449332,1706.03762,asserted,publisher,True,True,True,False,ref14,,True,False,,,False,,skipped,False,False,,skipped,
10.1364/oe.507252,1409.1556,asserted,publisher,True,True,True,False,oe-32-4-5131-R31,,True,False,https://openalex.org/W1686810756,,False,,skipped,False,False,,skipped,
10.1109/tim.2024.3417538,1412.6980,mined,,True,True,False,True,ref52,,True,True,https://openalex.org/W1522301498,,False,,skipped,False,False,,skipped,
10.1109/ainit65432.2025.11035060,1706.03762,asserted,publisher,True,True,True,False,ref14,,True,False,,,False,,skipped,False,False,,skipped,
10.1109/tgrs.2024.3359676,1706.03762,asserted,publisher,True,True,True,False,ref58,,True,False,,,False,,skipped,False,False,,skipped,
10.1109/access.2025.3559662,1706.03762,asserted,publisher,True,True,True,False,ref38,,True,False,,,False,,skipped,False,False,,skipped,
10.1145/3464384,1412.6980,mined,,True,True,False,True,e_1_2_1_17_1,,False,False,https://openalex.org/W1522301498,citing_not_found,False,,skipped,False,False,,skipped,
10.1016/j.vibspec.2025.103826,1412.6980,mined,,True,True,False,True,10.1016/j.vibspec.2025.103826_bib31,,True,False,https://openalex.org/W1522301498,,False,,skipped,False,False,,skipped,
10.1186/s12879-024-10183-9,1412.6980,mined,,True,True,False,True,10183_CR34,,True,False,https://openalex.org/W1522301498,,False,,skipped,False,False,,skipped,
10.1109/tgrs.2025.3552304,1706.03762,asserted,publisher,True,True,True,False,ref49,,True,False,,,False,,skipped,False,False,,skipped,
10.1016/j.bspc.2022.104348,1412.6980,mined,,True,True,False,True,10.1016/j.bspc.2022.104348_b0140,,True,False,https://openalex.org/W1522301498,,False,,skipped,False,False,,skipped,
10.1007/978-3-031-20868-3_37,1412.6980,mined,,True,True,False,True,37_CR13,,True,False,https://openalex.org/W1522301498,,False,,skipped,False,False,,skipped,
10.1109/icece57408.2022.10088574,1706.03762,asserted,publisher,True,True,True,False,ref13,,False,False,,citing_not_found,False,,skipped,False,False,,skipped,
10.1080/09540091.2022.2151977,1412.6980,mined,,True,True,False,True,CIT0014,,True,False,https://openalex.org/W1522301498,,False,,skipped,False,False,,skipped,
10.1038/s41598-023-46626-7,1412.6980,asserted,publisher,True,True,True,False,46626_CR53,,True,False,https://openalex.org/W1522301498,,False,,skipped,False,False,,skipped,
10.1109/amlds63918.2025.11159440,1706.03762,asserted,publisher,True,True,True,False,ref15,,True,False,,,False,,skipped,False,False,,skipped,
10.1098/rsta.2024.0215,1412.6980,mined,,True,True,False,True,e_1_3_8_50_2,,False,False,https://openalex.org/W1522301498,citing_not_found,False,,skipped,False,False,,skipped,
10.1109/appeec61255.2024.10922501,1706.03762,asserted,publisher,True,True,True,False,ref18,,True,False,,,False,,skipped,False,False,,skipped,
10.1109/tits.2024.3421328,1706.03762,asserted,publisher,True,True,True,False,ref43,,True,False,,,False,,skipped,False,False,,skipped,
10.1088/1361-6560/acb483,1706.03762,asserted,publisher,True,True,True,False,pmbacb483bib49,,True,False,,,False,,skipped,False,False,,skipped,
10.3389/frai.2024.1391745,1706.03762,asserted,publisher,True,True,True,False,B199,,True,False,,,False,,skipped,False,False,,skipped,
10.1109/tmm.2023.3313258,1706.03762,asserted,publisher,True,True,True,False,ref47,,False,False,,citing_not_found,False,,skipped,False,False,,skipped,
10.1109/tim.2024.3440416,1706.03762,asserted,publisher,True,True,True,False,ref25,,True,False,,,False,,skipped,False,False,,skipped,
10.1109/tpami.2024.3407570,1706.03762,asserted,publisher,True,True,True,False,ref25,,True,False,,,False,,skipped,False,False,,skipped,
10.1109/access.2024.3490453,1706.03762,asserted,publisher,True,True,True,False,ref63,,True,False,,,False,,skipped,False,False,,skipped,
10.1145/3451165,1412.6980,mined,,True,True,False,True,e_1_2_1_28_1,,True,False,https://openalex.org/W1522301498,,False,,skipped,False,False,,skipped,
10.3390/su151813950,1412.6980,mined,,True,True,False,True,ref_21,,True,False,https://openalex.org/W1522301498,,False,,skipped,False,False,,skipped,
10.1109/ic2e61754.2024.00010,1412.6980,mined,,True,True,False,True,ref18,,True,True,https://openalex.org/W1522301498,,False,,skipped,False,False,,skipped,
10.1098/rsta.2019.0392,1412.6980,mined,,True,True,False,True,e_1_3_5_27_2,,True,True,https://openalex.org/W1522301498,,False,,skipped,False,False,,skipped,
10.1109/tai.2024.3363685,1706.03762,asserted,publisher,True,True,True,False,ref10,,True,False,,,False,,skipped,False,False,,skipped,
10.1007/978-981-97-4784-9_20,1412.6980,mined,,True,True,False,True,20_CR22,,True,False,https://openalex.org/W1522301498,,False,,skipped,False,False,,skipped,
10.1007/s10845-023-02163-8,1412.6980,mined,,True,True,False,True,2163_CR29,,True,False,https://openalex.org/W1522301498,,False,,skipped,False,False,,skipped,
10.1145/3746252.3761519,1412.6980,mined,,True,True,False,True,e_1_3_2_1_12_1,,True,False,https://openalex.org/W1522301498,,False,,skipped,False,False,,skipped,
10.1109/tpami.2023.3237740,1706.03762,asserted,publisher,True,True,True,False,ref46,,True,False,,,False,,skipped,False,False,,skipped,
10.1007/s10489-021-02639-1,1412.6980,mined,,True,True,False,True,2639_CR18,,False,False,https://openalex.org/W1522301498,citing_not_found,False,,skipped,False,False,,skipped,
10.1109/tvt.2025.3548019,1706.03762,asserted,publisher,True,True,True,False,ref30,,True,False,,,False,,skipped,False,False,,skipped,
10.1002/rob.21961,1412.6980,mined,,True,True,False,True,e_1_2_8_22_1,,True,False,https://openalex.org/W1522301498,,False,,skipped,False,False,,skipped,
10.1016/j.neucom.2021.02.025,1412.6980,mined,,True,True,False,True,10.1016/j.neucom.2021.02.025_b0280,,True,False,https://openalex.org/W1522301498,,False,,skipped,False,False,,skipped,
10.1109/jiot.2025.3611003,1706.03762,asserted,publisher,True,True,True,False,ref18,,True,False,,,False,,skipped,False,False,,skipped,
10.1007/s00202-022-01729-8,1412.6980,mined,,True,True,False,True,1729_CR40,,True,False,https://openalex.org/W1522301498,,False,,skipped,False,False,,skipped,
10.1021/acsphotonics.5c00813,1412.6980,asserted,publisher,True,True,True,False,ref65/cit65,,True,False,https://openalex.org/W1522301498,,False,,skipped,False,False,,skipped,
10.1007/978-3-030-59000-0_3,1412.6980,mined,,True,True,False,True,3_CR22,,True,False,https://openalex.org/W1522301498,,False,,skipped,False,False,,skipped,
10.1109/icpads60453.2023.00206,1706.03762,asserted,publisher,True,True,True,False,ref4,,True,False,,,False,,skipped,False,False,,skipped,
10.1109/icme59968.2025.11209107,1706.03762,asserted,publisher,True,True,True,False,ref17,,True,False,,,False,,skipped,False,False,,skipped,
10.1007/978-981-99-5837-5_27,1412.6980,mined,,True,True,False,True,27_CR6,,True,False,https://openalex.org/W1522301498,,False,,skipped,False,False,,skipped,
10.7717/peerj-cs.3139,1706.03762,asserted,publisher,True,True,True,False,10.7717/peerj-cs.3139/ref-37,,True,False,,,False,,skipped,False,False,,skipped,
10.1109/tmi.2025.3565000,1412.6980,mined,,True,True,False,True,ref44,,True,True,https://openalex.org/W1522301498,,False,,skipped,False,False,,skipped,
10.1109/cvprw63382.2024.00648,1706.03762,asserted,publisher,True,True,True,False,ref36,,True,False,,,False,,skipped,False,False,,skipped,
10.34172/jkmu.2024.29,1412.6980,mined,,True,True,False,True,R20,,True,False,https://openalex.org/W1522301498,,False,,skipped,False,False,,skipped,
10.1007/s11270-024-07457-y,1409.1556,asserted,publisher,True,True,True,False,7457_CR45,,True,False,https://openalex.org/W1686810756,,False,,skipped,False,False,,skipped,
10.1007/s00521-023-09071-1,1412.6980,mined,,True,True,False,True,9071_CR23,,False,False,https://openalex.org/W1522301498,citing_not_found,False,,skipped,False,False,,skipped,
10.3390/cancers16233951,1412.6980,mined,,True,True,False,True,ref_24,,True,False,https://openalex.org/W1522301498,,False,,skipped,False,False,,skipped,
10.1109/isas64331.2024.10845736,1706.03762,asserted,publisher,True,True,True,False,ref1,,True,False,,,False,,skipped,False,False,,skipped,
10.1587/transele.2024ecp5057,1412.6980,mined,,True,True,False,True,33,,True,False,https://openalex.org/W1522301498,,False,,skipped,False,False,,skipped,
10.1145/3746027.3755107,1412.6980,mined,,True,True,False,True,e_1_3_2_1_12_1,,True,False,https://openalex.org/W1522301498,,False,,skipped,False,False,,skipped,
10.1016/j.neucom.2019.07.065,1412.6980,mined,,True,True,False,True,10.1016/j.neucom.2019.07.065_bib0023,,True,True,https://openalex.org/W1522301498,,False,,skipped,False,False,,skipped,
10.1002/zamm.70222,1412.6980,mined,,True,True,False,True,e_1_2_7_52_1,,True,False,https://openalex.org/W1522301498,,False,,skipped,False,False,,skipped,
10.1007/978-3-030-61638-0_30,1412.6980,mined,,True,True,False,True,30_CR12,,True,False,https://openalex.org/W1522301498,,False,,skipped,False,False,,skipped,
10.1080/10106049.2023.2292752,1412.6980,mined,,True,True,False,True,e_1_3_4_45_1,,True,False,https://openalex.org/W1522301498,,False,,skipped,False,False,,skipped,
10.1109/vtc2025-spring65109.2025.11174387,1706.03762,asserted,publisher,True,True,True,False,ref9,,True,False,,,False,,skipped,False,False,,skipped,
10.1007/s11704-019-8390-z,1412.6980,mined,,True,True,False,True,8390_CR37,,True,False,https://openalex.org/W1522301498,,False,,skipped,False,False,,skipped,
10.1029/2022gl099511,1412.6980,mined,,True,True,False,True,e_1_2_8_1_7_1,,True,True,https://openalex.org/W1522301498,,False,,skipped,False,False,,skipped,
10.1109/lgrs.2024.3506017,1706.03762,asserted,publisher,True,True,True,False,ref22,,True,False,,,False,,skipped,False,False,,skipped,
10.3389/felec.2025.1513127,1409.1556,asserted,publisher,True,True,True,False,B33,,True,False,https://openalex.org/W1686810756,,False,,skipped,False,False,,skipped,
10.1109/taffc.2025.3553399,1706.03762,asserted,publisher,True,True,True,False,ref29,,True,False,,,False,,skipped,False,False,,skipped,
10.1109/tgrs.2024.3382116,1706.03762,asserted,publisher,True,True,True,False,ref27,,False,False,,citing_not_found,False,,skipped,False,False,,skipped,
10.1007/s12539-022-00510-6,1412.6980,mined,,True,True,False,True,510_CR49,,False,False,https://openalex.org/W1522301498,citing_not_found,False,,skipped,False,False,,skipped,
10.1109/access.2024.3424236,1706.03762,asserted,publisher,True,True,True,False,ref1,,True,False,,,False,,skipped,False,False,,skipped,
10.1016/j.ces.2022.117439,1412.6980,mined,,True,True,False,True,10.1016/j.ces.2022.117439_b0060,,True,False,https://openalex.org/W1522301498,,False,,skipped,False,False,,skipped,
10.1109/tcsvt.2023.3316990,1706.03762,asserted,publisher,True,True,True,False,ref39,,True,False,,,False,,skipped,False,False,,skipped,
10.1109/access.2024.3480011,1706.03762,asserted,publisher,True,True,True,False,ref47,,True,False,,,False,,skipped,False,False,,skipped,
10.1038/s41598-021-96610-2,1412.6980,mined,,True,True,False,True,96610_CR60,,True,False,https://openalex.org/W1522301498,,False,,skipped,False,False,,skipped,
10.1029/2022gc010673,1412.6980,asserted,publisher,True,True,True,False,e_1_2_9_36_1,,True,False,https://openalex.org/W1522301498,,False,,skipped,False,False,,skipped,
10.1007/s40687-018-0148-y,1412.6980,mined,,True,True,False,True,148_CR35,,False,False,https://openalex.org/W1522301498,citing_not_found,False,,skipped,False,False,,skipped,
10.1109/access.2024.3406568,1706.03762,asserted,publisher,True,True,True,False,ref31,,True,False,,,False,,skipped,False,False,,skipped,
10.1145/3711896.3736930,1412.6980,mined,,True,True,False,True,e_1_3_2_2_35_1,,True,False,https://openalex.org/W1522301498,,False,,skipped,False,False,,skipped,
10.1109/jproc.2024.3520707,1706.03762,asserted,publisher,True,True,True,False,ref130,,True,False,,,False,,skipped,False,False,,skipped,
10.1145/3711896.3736900,1412.6980,mined,,True,True,False,True,e_1_3_2_2_29_1,,True,False,https://openalex.org/W1522301498,,False,,skipped,False,False,,skipped,
10.1109/tgrs.2025.3575193,1412.6980,mined,,True,True,False,True,ref45,,True,True,https://openalex.org/W1522301498,,False,,skipped,False,False,,skipped,
10.1002/nbm.4131,1412.6980,mined,,True,True,False,True,e_1_2_9_36_1,,True,False,https://openalex.org/W1522301498,,False,,skipped,False,False,,skipped,
10.1109/radar54928.2023.10371149,1412.6980,mined,,True,True,False,True,ref21,,True,True,https://openalex.org/W1522301498,,False,,skipped,False,False,,skipped,
10.1109/icip51287.2024.10648167,1412.6980,mined,,True,True,False,True,ref22,,True,False,https://openalex.org/W1522301498,,False,,skipped,False,False,,skipped,
10.1109/tgrs.2023.3262884,1412.6980,mined,,True,True,False,True,ref34,,True,True,https://openalex.org/W1522301498,,False,,skipped,False,False,,skipped,
10.1016/j.ins.2023.119330,1412.6980,mined,,True,True,False,True,10.1016/j.ins.2023.119330_b0210,,True,False,https://openalex.org/W1522301498,,False,,skipped,False,False,,skipped,
10.1109/icme55011.2023.00052,1706.03762,asserted,publisher,True,True,True,False,ref26,,True,False,,,False,,skipped,False,False,,skipped,
10.1007/978-3-031-16452-1_5,1412.6980,mined,,True,True,False,True,5_CR19,,True,True,https://openalex.org/W1522301498,,False,,skipped,False,False,,skipped,
10.1109/twc.2024.3489219,1412.6980,mined,,True,True,False,True,ref66,,True,False,https://openalex.org/W1522301498,,False,,skipped,False,False,,skipped,
10.1007/978-981-96-4024-9_6,1412.6980,asserted,publisher,True,True,True,False,6_CR134,,True,False,https://openalex.org/W1522301498,,False,,skipped,False,False,,skipped,
10.1109/taslp.2024.3358053,1706.03762,asserted,publisher,True,True,True,False,ref46,,True,False,,,False,,skipped,False,False,,skipped,
10.1109/ogc55558.2022.10051110,1706.03762,asserted,publisher,True,True,True,False,ref12,,True,False,,,False,,skipped,False,False,,skipped,
10.1016/j.media.2021.102066,1412.6980,mined,,True,True,False,True,10.1016/j.media.2021.102066_bib0027,,False,False,https://openalex.org/W1522301498,citing_not_found,False,,skipped,False,False,,skipped,
10.1002/mrm.29642,1412.6980,mined,,True,True,False,True,e_1_2_6_37_1,,True,False,https://openalex.org/W1522301498,,False,,skipped,False,False,,skipped,
10.1063/5.0221339,1412.6980,mined,,True,True,False,True,2024091909511359400_c42,,True,True,https://openalex.org/W1522301498,,False,,skipped,False,False,,skipped,
10.1587/transcom.2020ebp3175,1412.6980,mined,,True,True,False,True,29,,True,True,https://openalex.org/W1522301498,,False,,skipped,False,False,,skipped,
10.1186/s12938-024-01204-4,1706.03762,asserted,publisher,True,True,True,False,1204_CR19,,True,False,,,False,,skipped,False,False,,skipped,
10.1145/3409332,1412.6980,mined,,True,True,False,True,e_1_2_1_27_1,,True,False,https://openalex.org/W1522301498,,False,,skipped,False,False,,skipped,
10.1109/jstars.2025.3580686,1706.03762,asserted,publisher,True,True,True,False,ref48,,True,False,,,False,,skipped,False,False,,skipped,
10.1109/icdmw58026.2022.00062,1706.03762,asserted,publisher,True,True,True,False,ref5,,True,False,,,False,,skipped,False,False,,skipped,
10.1109/prml66062.2025.11159831,1706.03762,asserted,publisher,True,True,True,False,ref8,,True,False,,,False,,skipped,False,False,,skipped,
10.1109/cscs66924.2025.00100,1706.03762,asserted,publisher,True,True,True,False,ref17,,True,False,,,False,,skipped,False,False,,skipped,
10.1109/tase.2024.3451507,1412.6980,mined,,True,True,False,True,ref52,,True,False,https://openalex.org/W1522301498,,False,,skipped,False,False,,skipped,
10.1016/j.patcog.2021.108210,1412.6980,mined,,True,True,False,True,10.1016/j.patcog.2021.108210_bib0036,,True,True,https://openalex.org/W1522301498,,False,,skipped,False,False,,skipped,
10.1109/jsen.2024.3481458,1412.6980,mined,,True,True,False,True,ref19,,True,False,https://openalex.org/W1522301498,,False,,skipped,False,False,,skipped,
10.1109/aiiot58432.2024.10574539,1706.03762,asserted,publisher,True,True,True,False,ref20,,True,False,,,False,,skipped,False,False,,skipped,
10.1016/j.apm.2020.06.051,1412.6980,mined,,True,True,False,True,10.1016/j.apm.2020.06.051_bib0033,,True,False,https://openalex.org/W1522301498,,False,,skipped,False,False,,skipped,
10.1007/978-3-030-72322-4_47-1,1412.6980,mined,,True,True,False,True,47-1_CR16,,True,False,https://openalex.org/W1522301498,,False,,skipped,False,False,,skipped,
10.1109/access.2025.3565727,1706.03762,asserted,publisher,True,True,True,False,ref17,,True,False,,,False,,skipped,False,False,,skipped,
10.1109/jbhi.2023.3344187,1706.03762,asserted,publisher,True,True,True,False,ref50,,True,False,,,False,,skipped,False,False,,skipped,
10.1109/icecce61019.2023.10442743,1706.03762,asserted,publisher,True,True,True,False,ref8,,True,False,,,False,,skipped,False,False,,skipped,
10.1016/j.eswa.2021.114596,1412.6980,mined,,True,True,False,True,10.1016/j.eswa.2021.114596_b0075,,True,False,https://openalex.org/W1522301498,,False,,skipped,False,False,,skipped,
10.1063/5.0051155,1412.6980,mined,,True,True,False,True,2023080900402973200_c49,,True,True,https://openalex.org/W1522301498,,False,,skipped,False,False,,skipped,
10.1111/mice.12812,1412.6980,mined,,True,True,False,True,e_1_2_10_25_1,,True,True,https://openalex.org/W1522301498,,False,,skipped,False,False,,skipped,
10.1109/sum65312.2025.11121772,1706.03762,asserted,publisher,True,True,True,False,ref6,,True,False,,,False,,skipped,False,False,,skipped,
10.1016/j.neucom.2021.02.086,1412.6980,mined,,True,True,False,True,10.1016/j.neucom.2021.02.086_b0400,,True,True,https://openalex.org/W1522301498,,False,,skipped,False,False,,skipped,
10.1109/mssc.2025.3579704,1706.03762,asserted,publisher,True,True,True,False,ref5,,True,False,,,False,,skipped,False,False,,skipped,
10.1140/epjp/s13360-022-03024-8,1412.6980,mined,,True,True,False,True,3024_CR39,,True,True,https://openalex.org/W1522301498,,False,,skipped,False,False,,skipped,
10.1121/10.0034360,1412.6980,mined,,True,True,False,True,2024111316293169100_c9,,True,False,https://openalex.org/W1522301498,,False,,skipped,False,False,,skipped,
10.1109/access.2024.3416034,1706.03762,asserted,publisher,True,True,True,False,ref19,,True,False,,,False,,skipped,False,False,,skipped,
10.1145/3637528.3671908,1412.6980,mined,,True,True,False,True,e_1_3_2_2_17_1,,True,False,https://openalex.org/W1522301498,,False,,skipped,False,False,,skipped,
10.1109/cscwd57460.2023.10152711,1706.03762,asserted,publisher,True,True,True,False,ref14,,True,False,,,False,,skipped,False,False,,skipped,
10.1109/jstars.2024.3357540,1706.03762,asserted,publisher,True,True,True,False,ref17,,True,False,,,False,,skipped,False,False,,skipped,
10.1149/2.1051908jes,1412.6980,mined,,True,True,False,True,2019051413250687000_166.8.A1611.23,,True,False,https://openalex.org/W1522301498,,False,,skipped,False,False,,skipped,
10.1109/asyu58738.2023.10296669,1706.03762,asserted,publisher,True,True,True,False,ref13,,True,False,,,False,,skipped,False,False,,skipped,
10.1109/tcsvt.2024.3405640,1706.03762,asserted,publisher,True,True,True,False,ref41,,True,False,,,False,,skipped,False,False,,skipped,
10.1109/indin58382.2024.10774341,1706.03762,asserted,publisher,True,True,True,False,ref12,,True,False,,,False,,skipped,False,False,,skipped,
10.1111/cgf.15170,1412.6980,mined,,True,True,False,True,e_1_2_9_28_2,,True,False,https://openalex.org/W1522301498,,False,,skipped,False,False,,skipped,
10.1016/j.ijrefrig.2019.07.018,1412.6980,mined,,True,True,False,True,10.1016/j.ijrefrig.2019.07.018_bib0019,,True,False,https://openalex.org/W1522301498,,False,,skipped,False,False,,skipped,
10.1080/17499518.2022.2149815,1412.6980,mined,,True,True,False,True,CIT0008,,True,False,https://openalex.org/W1522301498,,False,,skipped,False,False,,skipped,
10.1109/tmech.2024.3428398,1706.03762,asserted,publisher,True,True,True,False,ref29,,True,False,,,False,,skipped,False,False,,skipped,
10.1007/978-981-15-8411-4_5,1412.6980,mined,,True,True,False,True,5_CR10,,True,False,https://openalex.org/W1522301498,,False,,skipped,False,False,,skipped,
10.1145/3711896.3736901,1412.6980,mined,,True,True,False,True,e_1_3_2_2_23_1,,True,False,https://openalex.org/W1522301498,,False,,skipped,False,False,,skipped,
10.1109/icassp49660.2025.10888581,1706.03762,asserted,publisher,True,True,True,False,ref3,,True,False,,,False,,skipped,False,False,,skipped,
10.1109/cvpr52733.2024.00681,1706.03762,asserted,publisher,True,True,True,False,ref33,,True,False,,,False,,skipped,False,False,,skipped,
10.1109/tmc.2025.3570851,1706.03762,asserted,publisher,True,True,True,False,ref28,,True,False,,,False,,skipped,False,False,,skipped,
10.1109/tcsvt.2024.3403264,1706.03762,asserted,publisher,True,True,True,False,ref32,,True,False,,,False,,skipped,False,False,,skipped,
10.1109/jsen.2024.3439686,1706.03762,asserted,publisher,True,True,True,False,ref15,,True,False,,,False,,skipped,False,False,,skipped,
10.1109/tbme.2025.3533485,1706.03762,asserted,publisher,True,True,True,False,ref18,,True,False,,,False,,skipped,False,False,,skipped,
10.1063/5.0272986,1412.6980,mined,,True,True,False,True,2025090311025683100_c30,,True,False,https://openalex.org/W1522301498,,False,,skipped,False,False,,skipped,
10.1007/978-3-031-26348-4_30,1412.6980,mined,,True,True,False,True,30_CR12,,True,False,https://openalex.org/W1522301498,,False,,skipped,False,False,,skipped,
10.1109/tuffc.2024.3463188,1412.6980,mined,,True,True,False,True,ref40,,True,False,https://openalex.org/W1522301498,,False,,skipped,False,False,,skipped,
10.1109/wacv57701.2024.00630,1706.03762,asserted,publisher,True,True,True,False,ref56,,True,False,,,False,,skipped,False,False,,skipped,
10.1109/iros58592.2024.10802269,1706.03762,asserted,publisher,True,True,True,False,ref23,,True,False,,,False,,skipped,False,False,,skipped,
10.1007/978-3-031-60665-6_15,1409.1556,asserted,publisher,True,True,True,False,15_CR19,,False,False,https://openalex.org/W1686810756,citing_not_found,False,,skipped,False,False,,skipped,
10.1109/tnnls.2025.3527223,1706.03762,asserted,publisher,True,True,True,False,ref57,,True,False,,,False,,skipped,False,False,,skipped,
10.1109/civemsa58715.2024.10586636,1706.03762,asserted,publisher,True,True,True,False,ref12,,True,False,,,False,,skipped,False,False,,skipped,
10.1155/2023/8331642,1706.03762,asserted,publisher,True,True,True,False,19,,True,False,,,False,,skipped,False,False,,skipped,
10.1063/5.0122695,1412.6980,mined,,True,True,False,True,2023081021171976500_c59,,True,True,https://openalex.org/W1522301498,,False,,skipped,False,False,,skipped,
10.1109/tnnls.2024.3376530,1412.6980,mined,,True,True,False,True,ref78,,True,True,https://openalex.org/W1522301498,,False,,skipped,False,False,,skipped,
10.1007/s11042-023-16226-8,1706.03762,asserted,publisher,True,True,True,False,16226_CR23,,True,False,,,False,,skipped,False,False,,skipped,
10.1109/cvpr52733.2024.01484,1706.03762,asserted,publisher,True,True,True,False,ref47,,True,False,,,False,,skipped,False,False,,skipped,
10.1109/apci65531.2025.11137122,1706.03762,asserted,publisher,True,True,True,False,ref11,,True,False,,,False,,skipped,False,False,,skipped,
10.1016/j.advengsoft.2022.103356,1412.6980,mined,,True,True,False,True,10.1016/j.advengsoft.2022.103356_bib0042,,True,False,https://openalex.org/W1522301498,,False,,skipped,False,False,,skipped,
10.1109/icse-seip66354.2025.00055,1706.03762,asserted,publisher,True,True,True,False,ref13,,True,False,,,False,,skipped,False,False,,skipped,
10.1364/oe.554607,1412.6980,asserted,publisher,True,True,True,False,oe-33-6-12731-R41,,True,False,https://openalex.org/W1522301498,,False,,skipped,False,False,,skipped,
10.3389/fpls.2023.1241576,1409.1556,asserted,publisher,True,True,True,False,B34,,True,False,https://openalex.org/W1686810756,,False,,skipped,False,False,,skipped,
10.1002/adts.202200204,1412.6980,mined,,True,True,False,True,e_1_2_8_36_1,,True,False,https://openalex.org/W1522301498,,False,,skipped,False,False,,skipped,
10.1007/s11600-023-01132-2,1412.6980,asserted,publisher,True,True,True,False,1132_CR20,,True,False,https://openalex.org/W1522301498,,False,,skipped,False,False,,skipped,
10.1121/1.5039750,1412.6980,mined,,True,True,False,True,2023073120081686200_c19,,True,False,https://openalex.org/W1522301498,,False,,skipped,False,False,,skipped,
10.1109/vcip63160.2024.10849861,1706.03762,asserted,publisher,True,True,True,False,ref22,,True,False,,,False,,skipped,False,False,,skipped,
10.1007/s10620-019-05862-6,1412.6980,mined,,True,True,False,True,5862_CR21,,True,False,https://openalex.org/W1522301498,,False,,skipped,False,False,,skipped,
10.1109/tnnls.2025.3590220,1706.03762,asserted,publisher,True,True,True,False,ref45,,True,False,,,False,,skipped,False,False,,skipped,
10.1007/978-981-99-2443-1_58,1412.6980,mined,,True,True,False,True,58_CR19,,True,False,https://openalex.org/W1522301498,,False,,skipped,False,False,,skipped,
10.1016/j.ultrasmedbio.2018.07.024,1412.6980,mined,,True,True,False,True,10.1016/j.ultrasmedbio.2018.07.024_bib0015,,True,False,https://openalex.org/W1522301498,,False,,skipped,False,False,,skipped,
10.1109/tcsvt.2025.3532636,1412.6980,mined,,True,True,False,True,ref52,,True,False,https://openalex.org/W1522301498,,False,,skipped,False,False,,skipped,
10.1109/ecce64574.2025.11013928,1706.03762,asserted,publisher,True,True,True,False,ref18,,True,False,,,False,,skipped,False,False,,skipped,
10.1007/s11192-019-03088-x,1412.6980,mined,,True,True,False,True,3088_CR23,,True,True,https://openalex.org/W1522301498,,False,,skipped,False,False,,skipped,
10.1007/978-3-030-58452-8_38,1412.6980,mined,,True,True,False,True,38_CR18,,True,False,https://openalex.org/W1522301498,,False,,skipped,False,False,,skipped,
10.1002/jcc.24842,1412.6980,mined,,True,True,False,True,e_1_2_5_25_1,,True,True,https://openalex.org/W1522301498,,False,,skipped,False,False,,skipped,
10.1007/978-3-030-01225-0_45,1412.6980,mined,,True,True,False,True,45_CR23,,True,False,https://openalex.org/W1522301498,,False,,skipped,False,False,,skipped,
10.1145/3640457.3688118,1412.6980,mined,,True,True,False,True,e_1_3_2_1_32_1,,False,False,https://openalex.org/W1522301498,citing_not_found,False,,skipped,False,False,,skipped,
10.1109/tkde.2025.3590198,1706.03762,asserted,publisher,True,True,True,False,ref55,,False,False,,citing_not_found,False,,skipped,False,False,,skipped,
10.1109/tgrs.2025.3572710,1706.03762,asserted,publisher,True,True,True,False,ref30,,True,False,,,False,,skipped,False,False,,skipped,
10.1109/idap68205.2025.11222172,1706.03762,asserted,publisher,True,True,True,False,ref8,,True,False,,,False,,skipped,False,False,,skipped,
10.1101/2024.04.01.587517,1412.6980,asserted,publisher,True,True,True,False,2024072214000429000_2024.04.01.587517v3.60,,True,False,https://openalex.org/W1522301498,,False,,skipped,False,False,,skipped,
10.1007/978-3-031-94439-0_21,1412.6980,asserted,publisher,True,True,True,False,21_CR21,,True,False,https://openalex.org/W1522301498,,False,,skipped,False,False,,skipped,
10.1016/j.knosys.2017.11.041,1412.6980,mined,,True,True,False,True,10.1016/j.knosys.2017.11.041_bib0024,,False,False,https://openalex.org/W1522301498,citing_not_found,False,,skipped,False,False,,skipped,
10.1109/tgrs.2023.3337088,1706.03762,asserted,publisher,True,True,True,False,ref18,,True,False,,,False,,skipped,False,False,,skipped,
10.1109/tip.2025.3563772,1412.6980,mined,,True,True,False,True,ref70,,True,False,https://openalex.org/W1522301498,,False,,skipped,False,False,,skipped,
10.1007/s40593-023-00391-w,1412.6980,asserted,publisher,True,True,True,False,391_CR40,,False,False,https://openalex.org/W1522301498,citing_not_found,False,,skipped,False,False,,skipped,
10.1016/j.ast.2024.109735,1412.6980,mined,,True,True,False,True,10.1016/j.ast.2024.109735_bib0058,,True,False,https://openalex.org/W1522301498,,False,,skipped,False,False,,skipped,
10.1007/978-3-031-78172-8_4,1412.6980,mined,,True,True,False,True,4_CR18,,True,False,https://openalex.org/W1522301498,,False,,skipped,False,False,,skipped,
10.1109/docs60977.2023.10295041,1706.03762,asserted,publisher,True,True,True,False,ref35,,True,False,,,False,,skipped,False,False,,skipped,
10.1007/978-3-031-98284-2_13,1412.6980,mined,,True,True,False,True,13_CR12,,True,False,https://openalex.org/W1522301498,,False,,skipped,False,False,,skipped,
10.1016/j.trc.2024.104827,1412.6980,mined,,True,True,False,True,10.1016/j.trc.2024.104827_b0110,,True,False,https://openalex.org/W1522301498,,False,,skipped,False,False,,skipped,
10.1109/dicta56598.2022.10034585,1706.03762,asserted,publisher,True,True,True,False,ref63,,True,False,,,False,,skipped,False,False,,skipped,
10.1007/978-3-030-84529-2_22,1412.6980,mined,,True,True,False,True,22_CR30,,True,False,https://openalex.org/W1522301498,,False,,skipped,False,False,,skipped,
10.1109/icccs61882.2024.10602731,1706.03762,asserted,publisher,True,True,True,False,ref13,,True,False,,,False,,skipped,False,False,,skipped,
10.1007/978-3-030-87202-1_37,1412.6980,mined,,True,True,False,True,37_CR6,,True,False,https://openalex.org/W1522301498,,False,,skipped,False,False,,skipped,
10.1109/tip.2022.3180561,1412.6980,mined,,True,True,False,True,ref72,,True,True,https://openalex.org/W1522301498,,False,,skipped,False,False,,skipped,
10.1002/mp.14828,1412.6980,mined,,True,True,False,True,e_1_2_9_47_1,,True,False,https://openalex.org/W1522301498,,False,,skipped,False,False,,skipped,
10.1109/jstars.2025.3600309,1706.03762,asserted,publisher,True,True,True,False,ref19,,True,False,,,False,,skipped,False,False,,skipped,
10.1145/3594536.3595161,1412.6980,mined,,True,True,False,True,e_1_3_2_1_19_1,,True,True,https://openalex.org/W1522301498,,False,,skipped,False,False,,skipped,
10.1007/s11837-020-04399-8,1412.6980,mined,,True,True,False,True,4399_CR40,,False,False,https://openalex.org/W1522301498,citing_not_found,False,,skipped,False,False,,skipped,
10.1007/s12145-020-00511-3,1412.6980,mined,,True,True,False,True,511_CR19,,True,True,https://openalex.org/W1522301498,,False,,skipped,False,False,,skipped,
10.1109/icassp49357.2023.10096890,1412.6980,mined,,True,True,False,True,ref26,,True,True,https://openalex.org/W1522301498,,False,,skipped,False,False,,skipped,
10.1109/iccbd-ai65562.2024.00017,1706.03762,asserted,publisher,True,True,True,False,ref28,,True,False,,,False,,skipped,False,False,,skipped,
10.1109/fasta65681.2025.11138046,1706.03762,asserted,publisher,True,True,True,False,ref9,,True,False,,,False,,skipped,False,False,,skipped,
10.1109/msec.2024.3390555,1706.03762,asserted,publisher,True,True,True,False,ref14,,True,False,,,False,,skipped,False,False,,skipped,
10.1109/icassp49660.2025.10890707,1706.03762,asserted,publisher,True,True,True,False,ref24,,True,False,,,False,,skipped,False,False,,skipped,
10.1145/3613904.3642346,1409.1556,asserted,publisher,True,True,True,False,e_1_3_3_3_92_1,,True,False,https://openalex.org/W1686810756,,False,,skipped,False,False,,skipped,
10.1109/jstars.2024.3432743,1706.03762,asserted,publisher,True,True,True,False,ref45,,True,False,,,False,,skipped,False,False,,skipped,
10.1109/esci59607.2024.10497190,1409.1556,asserted,publisher,True,True,True,False,ref22,,False,False,https://openalex.org/W1686810756,citing_not_found,False,,skipped,False,False,,skipped,
10.1109/slt61566.2024.10832319,1706.03762,asserted,publisher,True,True,True,False,ref21,,True,False,,,False,,skipped,False,False,,skipped,
10.1364/boe.527972,1409.1556,asserted,publisher,True,True,True,False,boe-15-10-5980-R62,,True,False,https://openalex.org/W1686810756,,False,,skipped,False,False,,skipped,
10.1109/tc.2025.3587976,1706.03762,asserted,publisher,True,True,True,False,ref33,,True,False,,,False,,skipped,False,False,,skipped,
10.1007/s11042-023-17092-0,1409.1556,asserted,publisher,True,True,True,False,17092_CR37,,True,False,https://openalex.org/W1686810756,,False,,skipped,False,False,,skipped,
10.1145/3664647.3681637,1412.6980,mined,,True,True,False,True,e_1_3_2_1_13_1,,True,False,https://openalex.org/W1522301498,,False,,skipped,False,False,,skipped,
10.1109/cvpr52733.2024.01254,1706.03762,asserted,publisher,True,True,True,False,ref49,,True,False,,,False,,skipped,False,False,,skipped,
10.1145/3503161.3548136,1412.6980,mined,,True,True,False,True,e_1_3_2_2_28_1,,True,True,https://openalex.org/W1522301498,,False,,skipped,False,False,,skipped,
10.1007/978-3-030-30642-7_31,1412.6980,mined,,True,True,False,True,31_CR14,,False,False,https://openalex.org/W1522301498,citing_not_found,False,,skipped,False,False,,skipped,
10.1109/ijcnn64981.2025.11228751,1706.03762,asserted,publisher,True,True,True,False,ref14,,True,False,,,False,,skipped,False,False,,skipped,
10.1007/s10489-020-01842-w,1412.6980,mined,,True,True,False,True,1842_CR37,,True,False,https://openalex.org/W1522301498,,False,,skipped,False,False,,skipped,
10.1088/2631-8695/add4c5,1412.6980,mined,publisher,True,True,True,False,erxadd4c5bib23,,True,False,https://openalex.org/W1522301498,,False,,skipped,False,False,,skipped,
10.1007/978-3-031-72086-4_33,1412.6980,mined,,True,True,False,True,33_CR11,,True,False,https://openalex.org/W1522301498,,False,,skipped,False,False,,skipped,
10.1109/tim.2023.3244822,1706.03762,asserted,publisher,True,True,True,False,ref30,,True,False,,,False,,skipped,False,False,,skipped,
10.1109/cies64955.2025.11007637,1706.03762,asserted,publisher,True,True,True,False,ref1,,True,False,,,False,,skipped,False,False,,skipped,
10.1016/j.jmr.2021.106936,1412.6980,mined,,True,True,False,True,10.1016/j.jmr.2021.106936_b0160,,True,True,https://openalex.org/W1522301498,,False,,skipped,False,False,,skipped,
10.1109/iscas58744.2024.10558631,1706.03762,asserted,publisher,True,True,True,False,ref1,,True,False,,,False,,skipped,False,False,,skipped,
10.1002/hbm.24783,1412.6980,mined,,True,True,False,True,e_1_2_9_30_1,,True,False,https://openalex.org/W1522301498,,False,,skipped,False,False,,skipped,
10.1016/j.ijrobp.2022.06.083,1412.6980,mined,,True,True,False,True,10.1016/j.ijrobp.2022.06.083_bib0021,,True,False,https://openalex.org/W1522301498,,False,,skipped,False,False,,skipped,
10.1007/978-3-031-15931-2_24,1412.6980,mined,,True,True,False,True,24_CR8,,True,False,https://openalex.org/W1522301498,,False,,skipped,False,False,,skipped,
10.1063/5.0289122,1706.03762,asserted,publisher,True,True,True,False,2025090408170151100_c33,,True,False,,,False,,skipped,False,False,,skipped,
10.1109/access.2024.3394441,1706.03762,asserted,publisher,True,True,True,False,ref37,,True,False,,,False,,skipped,False,False,,skipped,
10.1109/itsc57777.2023.10421989,1706.03762,asserted,publisher,True,True,True,False,ref26,,True,False,,,False,,skipped,False,False,,skipped,
10.1109/access.2024.3417523,1706.03762,asserted,publisher,True,True,True,False,ref10,,True,False,,,False,,skipped,False,False,,skipped,
10.1038/s41467-024-51886-6,1412.6980,asserted,publisher,True,True,True,False,51886_CR49,,True,False,https://openalex.org/W1522301498,,False,,skipped,False,False,,skipped,
10.1109/tip.2024.3414935,1706.03762,asserted,publisher,True,True,True,False,ref42,,True,False,,,False,,skipped,False,False,,skipped,
10.1145/3610548.3618144,1412.6980,mined,,True,True,False,True,e_1_3_2_2_46_1,,True,False,https://openalex.org/W1522301498,,False,,skipped,False,False,,skipped,
10.1007/s10704-023-00704-z,1412.6980,asserted,publisher,True,True,True,False,704_CR50,,True,False,https://openalex.org/W1522301498,,False,,skipped,False,False,,skipped,
10.1007/s10845-024-02515-y,1706.03762,asserted,publisher,True,True,True,False,2515_CR38,,True,False,,,False,,skipped,False,False,,skipped,
10.3389/fmed.2024.1349373,1409.1556,asserted,publisher,True,True,True,False,ref56,,True,False,https://openalex.org/W1686810756,,False,,skipped,False,False,,skipped,
10.1088/1361-6501/ad4ab5,1706.03762,asserted,publisher,True,True,True,False,mstad4ab5bib40,,True,False,,,False,,skipped,False,False,,skipped,
10.26443/seismica.v3i1.1124,1412.6980,mined,,True,True,False,True,17083,,True,False,https://openalex.org/W1522301498,,False,,skipped,False,False,,skipped,
10.1109/jiot.2024.3414496,1706.03762,asserted,publisher,True,True,True,False,ref22,,True,False,,,False,,skipped,False,False,,skipped,
10.1080/01140671.2024.2385813,1409.1556,asserted,publisher,True,True,True,False,e_1_3_4_48_1,,True,False,https://openalex.org/W1686810756,,False,,skipped,False,False,,skipped,
10.1109/access.2024.3403538,1706.03762,asserted,publisher,True,True,True,False,ref49,,True,False,,,False,,skipped,False,False,,skipped,
10.1007/s12559-023-10131-w,1412.6980,mined,,True,True,False,True,10131_CR34,,True,False,https://openalex.org/W1522301498,,False,,skipped,False,False,,skipped,
10.1109/icaace61206.2024.10549729,1706.03762,asserted,publisher,True,True,True,False,ref12,,True,False,,,False,,skipped,False,False,,skipped,
10.1109/ijcnn64981.2025.11228424,1706.03762,asserted,publisher,True,True,True,False,ref1,,True,False,,,False,,skipped,False,False,,skipped,
10.1145/3511808.3557319,1412.6980,mined,,True,True,False,True,e_1_3_2_1_13_1,,True,False,https://openalex.org/W1522301498,,False,,skipped,False,False,,skipped,
10.1007/978-3-031-25063-7_46,1412.6980,mined,,True,True,False,True,46_CR29,,True,False,https://openalex.org/W1522301498,,False,,skipped,False,False,,skipped,
10.1016/j.eswa.2024.124787,1412.6980,mined,,True,True,False,True,10.1016/j.eswa.2024.124787_b0165,,True,False,https://openalex.org/W1522301498,,False,,skipped,False,False,,skipped,
10.3389/fmars.2024.1370786,1706.03762,asserted,publisher,True,True,True,False,B33,,True,False,,,False,,skipped,False,False,,skipped,
10.1007/s11263-023-01922-7,1412.6980,mined,,True,True,False,True,1922_CR19,,True,False,https://openalex.org/W1522301498,,False,,skipped,False,False,,skipped,
10.1145/3719027.3765158,1412.6980,mined,,True,True,False,True,e_1_3_2_1_32_1,,True,False,https://openalex.org/W1522301498,,False,,skipped,False,False,,skipped,
10.1038/s41598-024-63336-w,1706.03762,asserted,publisher,True,True,True,False,63336_CR22,,True,False,,,False,,skipped,False,False,,skipped,
10.1002/joc.6617,1412.6980,mined,,True,True,False,True,e_1_2_7_31_1,,True,False,https://openalex.org/W1522301498,,False,,skipped,False,False,,skipped,
10.1109/tbdata.2024.3403376,1706.03762,asserted,publisher,True,True,True,False,ref23,,True,False,,,False,,skipped,False,False,,skipped,
10.1038/s41587-022-01435-7,1706.03762,asserted,publisher,True,True,True,False,1435_CR14,,True,False,,,False,,skipped,False,False,,skipped,
10.1109/access.2024.3491824,1706.03762,asserted,publisher,True,True,True,False,ref37,,True,False,,,False,,skipped,False,False,,skipped,
10.1016/j.ces.2020.116163,1412.6980,mined,,True,True,False,True,10.1016/j.ces.2020.116163_b0100,,True,False,https://openalex.org/W1522301498,,False,,skipped,False,False,,skipped,
10.1109/tits.2025.3542500,1706.03762,asserted,publisher,True,True,True,False,ref44,,True,False,,,False,,skipped,False,False,,skipped,
10.1145/3712601,1412.6980,mined,,True,True,False,True,e_1_3_1_16_2,,True,False,https://openalex.org/W1522301498,,False,,skipped,False,False,,skipped,
10.1109/tce.2025.3532322,1706.03762,asserted,publisher,True,True,True,False,ref24,,True,False,,,False,,skipped,False,False,,skipped,
10.1109/jsen.2024.3446798,1706.03762,asserted,publisher,True,True,True,False,ref22,,True,False,,,False,,skipped,False,False,,skipped,
10.1109/rait65068.2025.11089442,1706.03762,asserted,publisher,True,True,True,False,ref1,,True,False,,,False,,skipped,False,False,,skipped,
10.1051/0004-6361/202037731,1412.6980,mined,,True,True,False,True,R52,,True,False,https://openalex.org/W1522301498,,False,,skipped,False,False,,skipped,
10.1109/tip.2023.3331309,1706.03762,asserted,publisher,True,True,True,False,ref42,,True,False,,,False,,skipped,False,False,,skipped,
10.5194/nhess-25-335-2025,1412.6980,mined,,True,True,False,True,ref28,,True,False,https://openalex.org/W1522301498,,False,,skipped,False,False,,skipped,
10.1109/jiot.2025.3561186,1706.03762,asserted,publisher,True,True,True,False,ref38,,True,False,,,False,,skipped,False,False,,skipped,
10.1007/s10462-024-10741-2,1409.1556,asserted,publisher,True,True,True,False,10741_CR232,,True,False,https://openalex.org/W1686810756,,False,,skipped,False,False,,skipped,
10.1051/0004-6361/202449671,1412.6980,mined,,True,True,False,True,R22,,True,False,https://openalex.org/W1522301498,,False,,skipped,False,False,,skipped,
10.1016/j.eswa.2021.115199,1412.6980,mined,,True,True,False,True,10.1016/j.eswa.2021.115199_b0140,,True,False,https://openalex.org/W1522301498,,False,,skipped,False,False,,skipped,
10.1145/3394171.3413839,1412.6980,mined,,True,True,False,True,e_1_3_2_2_13_1,,True,False,https://openalex.org/W1522301498,,False,,skipped,False,False,,skipped,
10.1111/jmi.13349,1412.6980,mined,,True,True,False,True,e_1_2_8_28_1,,True,False,https://openalex.org/W1522301498,,False,,skipped,False,False,,skipped,
10.1109/jiot.2025.3595099,1706.03762,asserted,publisher,True,True,True,False,ref18,,True,False,,,False,,skipped,False,False,,skipped,
10.1007/s11082-020-02500-8,1412.6980,mined,,True,True,False,True,2500_CR7,,True,False,https://openalex.org/W1522301498,,False,,skipped,False,False,,skipped,
10.1145/3659579,1412.6980,mined,,True,True,False,True,e_1_3_1_67_2,,True,False,https://openalex.org/W1522301498,,False,,skipped,False,False,,skipped,
10.1109/lgrs.2024.3381438,1412.6980,mined,,True,True,False,True,ref21,,True,True,https://openalex.org/W1522301498,,False,,skipped,False,False,,skipped,
10.3389/fenvs.2024.1408370,1706.03762,asserted,publisher,True,True,True,False,B32,,True,False,,,False,,skipped,False,False,,skipped,
10.1007/s00521-022-07896-w,1412.6980,asserted,publisher,True,True,True,False,7896_CR27,,True,False,https://openalex.org/W1522301498,,False,,skipped,False,False,,skipped,
10.1109/taslp.2024.3376984,1706.03762,asserted,publisher,True,True,True,False,ref3,,True,False,,,False,,skipped,False,False,,skipped,
10.1007/978-981-96-4279-3_10,1412.6980,mined,,True,True,False,True,10_CR24,,True,False,https://openalex.org/W1522301498,,False,,skipped,False,False,,skipped,
10.1155/2019/1306039,1412.6980,mined,,True,True,False,True,e_1_2_9_92_2,,True,False,https://openalex.org/W1522301498,,False,,skipped,False,False,,skipped,
10.3389/fpsyt.2022.1091798,1706.03762,asserted,publisher,True,True,True,False,B19,,True,False,,,False,,skipped,False,False,,skipped,
10.1101/235655,1412.6980,mined,,True,True,False,True,2019071811003144000_235655v2.89,,True,False,https://openalex.org/W1522301498,,False,,skipped,False,False,,skipped,
10.1017/dce.2024.21,1412.6980,asserted,publisher,True,True,True,False,S2632673624000212_r27,,True,False,https://openalex.org/W1522301498,,False,,skipped,False,False,,skipped,
10.1109/icip40778.2020.9190860,1412.6980,mined,,True,True,False,True,ref19,,False,False,https://openalex.org/W1522301498,citing_not_found,False,,skipped,False,False,,skipped,
10.1109/access.2025.3552075,1706.03762,asserted,publisher,True,True,True,False,ref29,,True,False,,,False,,skipped,False,False,,skipped,
10.1109/tim.2023.3336758,1412.6980,mined,,True,True,False,True,ref51,,True,False,https://openalex.org/W1522301498,,False,,skipped,False,False,,skipped,
10.1109/iv55156.2024.10588424,1706.03762,asserted,publisher,True,True,True,False,ref16,,True,False,,,False,,skipped,False,False,,skipped,
10.1007/s10462-022-10372-5,1409.1556,asserted,publisher,True,True,True,False,10372_CR129,,True,False,https://openalex.org/W1686810756,,False,,skipped,False,False,,skipped,
10.1109/icra55743.2025.11127412,1706.03762,asserted,publisher,True,True,True,False,ref35,,True,False,,,False,,skipped,False,False,,skipped,
10.1007/978-981-13-3083-4_10,1412.6980,mined,,True,True,False,True,10_CR7,,True,False,https://openalex.org/W1522301498,,False,,skipped,False,False,,skipped,
10.1109/iciea54703.2022.10006181,1706.03762,asserted,publisher,True,True,True,False,ref19,,True,False,,,False,,skipped,False,False,,skipped,
10.1038/s41598-023-44170-y,1412.6980,mined,,True,True,False,True,44170_CR30,,False,False,https://openalex.org/W1522301498,citing_not_found,False,,skipped,False,False,,skipped,
10.1007/978-981-96-6515-0_21,1412.6980,mined,,True,True,False,True,21_CR19,,True,False,https://openalex.org/W1522301498,,False,,skipped,False,False,,skipped,
10.1109/ijcnn60899.2024.10651065,1706.03762,asserted,publisher,True,True,True,False,ref30,,True,False,,,False,,skipped,False,False,,skipped,
10.1007/978-3-319-75238-9_25,1412.6980,mined,,True,True,False,True,25_CR15,,True,True,https://openalex.org/W1522301498,,False,,skipped,False,False,,skipped,
10.1088/1361-6560/ad37ec,1412.6980,asserted,publisher,True,True,True,False,pmbad37ecbib23,,True,False,https://openalex.org/W1522301498,,False,,skipped,False,False,,skipped,
10.21468/scipostphys.14.5.121,1412.6980,asserted,publisher,True,True,True,False,ref31,,True,False,https://openalex.org/W1522301498,,False,,skipped,False,False,,skipped,
10.1093/mnras/stad476,1412.6980,asserted,publisher,True,True,True,False,2023052716090248700_bib65,,True,False,https://openalex.org/W1522301498,,False,,skipped,False,False,,skipped,
10.1109/iri66576.2025.00066,1706.03762,asserted,publisher,True,True,True,False,ref22,,True,False,,,False,,skipped,False,False,,skipped,
10.1007/s12539-024-00636-9,1706.03762,asserted,publisher,True,True,True,False,636_CR26,,True,False,,,False,,skipped,False,False,,skipped,
10.1109/access.2025.3554046,1706.03762,asserted,publisher,True,True,True,False,ref157,,True,False,,,False,,skipped,False,False,,skipped,
10.1109/tcsvt.2023.3282980,1412.6980,mined,,True,True,False,True,ref26,,True,True,https://openalex.org/W1522301498,,False,,skipped,False,False,,skipped,
10.1109/tnsre.2023.3345006,1412.6980,mined,,True,True,False,True,ref31,,True,True,https://openalex.org/W1522301498,,False,,skipped,False,False,,skipped,
10.1109/tcsvt.2024.3519312,1706.03762,asserted,publisher,True,True,True,False,ref36,,True,False,,,False,,skipped,False,False,,skipped,
10.1109/iccmc65190.2025.11139922,1706.03762,asserted,publisher,True,True,True,False,ref8,,True,False,,,False,,skipped,False,False,,skipped,
10.1145/3461702.3462517,1412.6980,mined,,True,True,False,True,e_1_3_2_2_29_1,,True,False,https://openalex.org/W1522301498,,False,,skipped,False,False,,skipped,
10.1145/3533271.3561761,1412.6980,mined,,True,True,False,True,e_1_3_2_1_7_1,,True,False,https://openalex.org/W1522301498,,False,,skipped,False,False,,skipped,
10.1021/acs.jpca.0c05979,1412.6980,mined,,True,True,False,True,ref31/cit31,,False,False,https://openalex.org/W1522301498,citing_not_found,False,,skipped,False,False,,skipped,
10.1007/s11517-023-02915-x,1412.6980,mined,,True,True,False,True,2915_CR32,,True,False,https://openalex.org/W1522301498,,False,,skipped,False,False,,skipped,
10.1080/19490976.2025.2505115,1412.6980,mined,,True,True,False,True,e_1_3_8_67_1,,True,True,https://openalex.org/W1522301498,,False,,skipped,False,False,,skipped,
10.1109/tip.2025.3632221,1706.03762,asserted,publisher,True,True,True,False,ref10,,True,False,,,False,,skipped,False,False,,skipped,
10.1109/tsmc.2024.3349555,1706.03762,asserted,publisher,True,True,True,False,ref60,,True,False,,,False,,skipped,False,False,,skipped,
10.1029/2025jd044619,1412.6980,asserted,publisher,True,True,True,False,e_1_2_10_29_1,,True,False,https://openalex.org/W1522301498,,False,,skipped,False,False,,skipped,
10.1016/j.physa.2018.07.017,1412.6980,mined,,True,True,False,True,10.1016/j.physa.2018.07.017_b35,,True,False,https://openalex.org/W1522301498,,False,,skipped,False,False,,skipped,
10.1145/3485447.3512105,1412.6980,mined,,True,True,False,True,e_1_3_2_1_18_1,,False,False,https://openalex.org/W1522301498,citing_not_found,False,,skipped,False,False,,skipped,
10.1109/spawc60668.2024.10694349,1706.03762,asserted,publisher,True,True,True,False,ref27,,True,False,,,False,,skipped,False,False,,skipped,
10.1007/978-3-031-39144-6_11,1412.6980,mined,,True,True,False,True,11_CR15,,True,False,https://openalex.org/W1522301498,,False,,skipped,False,False,,skipped,
10.1145/3377930.3389842,1412.6980,mined,,True,True,False,True,e_1_3_2_1_24_1,,False,False,https://openalex.org/W1522301498,citing_not_found,False,,skipped,False,False,,skipped,
10.1109/cvpr52734.2025.02046,1706.03762,asserted,publisher,True,True,True,False,ref54,,True,False,,,False,,skipped,False,False,,skipped,
10.1109/tfuzz.2025.3583819,1706.03762,asserted,publisher,True,True,True,False,ref17,,True,False,,,False,,skipped,False,False,,skipped,
10.1109/tnnls.2024.3491782,1706.03762,asserted,publisher,True,True,True,False,ref25,,True,False,,,False,,skipped,False,False,,skipped,
10.1109/iccc62479.2024.10681933,1706.03762,asserted,publisher,True,True,True,False,ref17,,True,False,,,False,,skipped,False,False,,skipped,
10.1007/s10994-023-06386-x,1412.6980,mined,,True,True,False,True,6386_CR23,,True,False,https://openalex.org/W1522301498,,False,,skipped,False,False,,skipped,
10.1109/twc.2023.3302861,1412.6980,mined,,True,True,False,True,ref50,,True,True,https://openalex.org/W1522301498,,False,,skipped,False,False,,skipped,
10.1109/bibm62325.2024.10821893,1706.03762,asserted,publisher,True,True,True,False,ref14,,True,False,,,False,,skipped,False,False,,skipped,
10.1109/jsen.2024.3373598,1412.6980,mined,,True,True,False,True,ref25,,True,True,https://openalex.org/W1522301498,,False,,skipped,False,False,,skipped,
10.1029/2022wr033826,1412.6980,mined,,True,True,False,True,e_1_2_9_20_1,,False,False,https://openalex.org/W1522301498,citing_not_found,False,,skipped,False,False,,skipped,
10.1145/3664647.3681163,1412.6980,asserted,publisher,True,True,True,False,e_1_3_2_1_15_1,,True,False,https://openalex.org/W1522301498,,False,,skipped,False,False,,skipped,
10.1016/j.watres.2022.119478,1412.6980,mined,,True,True,False,True,10.1016/j.watres.2022.119478_bib0025,,False,False,https://openalex.org/W1522301498,citing_not_found,False,,skipped,False,False,,skipped,
10.1109/cec60901.2024.10612015,1706.03762,asserted,publisher,True,True,True,False,ref22,,True,False,,,False,,skipped,False,False,,skipped,
10.1186/s12918-018-0625-3,1412.6980,mined,,True,True,False,True,625_CR13,,False,False,https://openalex.org/W1522301498,citing_not_found,False,,skipped,False,False,,skipped,
10.1101/2025.10.13.682242,1409.1556,asserted,publisher,True,True,True,False,2025101612100899000_2025.10.13.682242v1.66,,True,False,https://openalex.org/W1686810756,,False,,skipped,False,False,,skipped,
10.1145/3335203.3335719,1412.6980,mined,,True,True,False,True,e_1_3_2_1_13_1,,True,False,https://openalex.org/W1522301498,,False,,skipped,False,False,,skipped,
10.1145/3312528,1412.6980,mined,,True,True,False,True,e_1_2_1_32_1,,True,False,https://openalex.org/W1522301498,,False,,skipped,False,False,,skipped,
10.1109/itsc58415.2024.10920145,1706.03762,asserted,publisher,True,True,True,False,ref21,,True,False,,,False,,skipped,False,False,,skipped,
10.1109/tgrs.2024.3465537,1706.03762,asserted,publisher,True,True,True,False,ref38,,True,False,,,False,,skipped,False,False,,skipped,
10.1007/s11257-019-09248-1,1412.6980,mined,,True,True,False,True,9248_CR29,,True,True,https://openalex.org/W1522301498,,False,,skipped,False,False,,skipped,
10.1016/j.enbuild.2025.115954,1412.6980,mined,,True,True,False,True,10.1016/j.enbuild.2025.115954_bib0023,,True,False,https://openalex.org/W1522301498,,False,,skipped,False,False,,skipped,
10.1109/icassp48485.2024.10448201,1706.03762,asserted,publisher,True,True,True,False,ref10,,True,False,,,False,,skipped,False,False,,skipped,
10.1109/tnnls.2025.3528416,1706.03762,asserted,publisher,True,True,True,False,ref37,,True,False,,,False,,skipped,False,False,,skipped,
10.1109/jstars.2024.3386899,1706.03762,asserted,publisher,True,True,True,False,ref42,,True,False,,,False,,skipped,False,False,,skipped,
10.1007/s00521-022-07959-y,1412.6980,mined,,True,True,False,True,7959_CR49,,True,False,https://openalex.org/W1522301498,,False,,skipped,False,False,,skipped,
10.1109/prml66062.2025.11159676,1706.03762,asserted,publisher,True,True,True,False,ref14,,True,False,,,False,,skipped,False,False,,skipped,
10.1109/tits.2024.3432977,1706.03762,asserted,publisher,True,True,True,False,ref56,,True,False,,,False,,skipped,False,False,,skipped,
10.1109/tvt.2024.3454574,1706.03762,asserted,publisher,True,True,True,False,ref44,,True,False,,,False,,skipped,False,False,,skipped,
10.1109/isctech60480.2023.00073,1706.03762,asserted,publisher,True,True,True,False,ref9,,True,False,,,False,,skipped,False,False,,skipped,
10.1038/s42003-023-05565-9,1409.1556,asserted,publisher,True,True,True,False,5565_CR67,,True,False,https://openalex.org/W1686810756,,False,,skipped,False,False,,skipped,
10.1109/access.2025.3555176,1706.03762,asserted,publisher,True,True,True,False,ref77,,True,False,,,False,,skipped,False,False,,skipped,
10.1007/jhep02(2025)077,1412.6980,mined,,True,True,False,True,25518_CR73,,True,False,https://openalex.org/W1522301498,,False,,skipped,False,False,,skipped,
10.1109/access.2024.3400589,1706.03762,asserted,publisher,True,True,True,False,ref21,,True,False,,,False,,skipped,False,False,,skipped,
10.1109/thms.2025.3591502,1706.03762,asserted,publisher,True,True,True,False,ref25,,True,False,,,False,,skipped,False,False,,skipped,
10.1109/taffc.2024.3496524,1706.03762,asserted,publisher,True,True,True,False,ref56,,False,False,,citing_not_found,False,,skipped,False,False,,skipped,
10.1145/3300061.3300117,1412.6980,mined,,True,True,False,True,e_1_3_2_1_17_1,,True,False,https://openalex.org/W1522301498,,False,,skipped,False,False,,skipped,
10.1021/acs.jcim.5c01001,1706.03762,asserted,publisher,True,True,True,False,ref56/cit56,,True,False,,,False,,skipped,False,False,,skipped,
10.1109/embc53108.2024.10782549,1706.03762,asserted,publisher,True,True,True,False,ref9,,True,False,,,False,,skipped,False,False,,skipped,
10.1038/s41598-023-39688-0,1412.6980,mined,,True,True,False,True,39688_CR70,,True,False,https://openalex.org/W1522301498,,False,,skipped,False,False,,skipped,
10.1109/tase.2024.3410182,1412.6980,mined,,True,True,False,True,ref66,,True,False,https://openalex.org/W1522301498,,False,,skipped,False,False,,skipped,
10.1007/s11063-024-11571-7,1412.6980,mined,,True,True,False,True,11571_CR11,,False,False,https://openalex.org/W1522301498,citing_not_found,False,,skipped,False,False,,skipped,
10.1109/tip.2025.3607615,1706.03762,asserted,publisher,True,True,True,False,ref8,,True,False,,,False,,skipped,False,False,,skipped,
10.1109/tai.2025.3527921,1706.03762,asserted,publisher,True,True,True,False,ref25,,True,False,,,False,,skipped,False,False,,skipped,
10.1190/geo2024-0417.1,1412.6980,asserted,publisher,True,True,False,False,,,True,False,https://openalex.org/W1522301498,,False,,skipped,False,False,,skipped,
10.1063/5.0025051,1412.6980,mined,,True,True,False,True,2023080800324052100_c38,,True,False,https://openalex.org/W1522301498,,False,,skipped,False,False,,skipped,
10.1109/aimhc59811.2024.00007,1706.03762,asserted,publisher,True,True,True,False,ref26,,False,False,,citing_not_found,False,,skipped,False,False,,skipped,
10.1109/jbhi.2025.3557065,1706.03762,asserted,publisher,True,True,True,False,ref10,,True,False,,,False,,skipped,False,False,,skipped,
10.1007/978-981-96-6960-8_17,1412.6980,mined,,True,True,False,True,17_CR28,,True,False,https://openalex.org/W1522301498,,False,,skipped,False,False,,skipped,
10.1007/978-3-031-20050-2_23,1412.6980,mined,,True,True,False,True,23_CR22,,True,False,https://openalex.org/W1522301498,,False,,skipped,False,False,,skipped,
10.1109/tits.2024.3379210,1706.03762,asserted,publisher,True,True,True,False,ref26,,True,False,,,False,,skipped,False,False,,skipped,
10.1109/access.2025.3544086,1706.03762,asserted,publisher,True,True,True,False,ref35,,True,False,,,False,,skipped,False,False,,skipped,
10.1109/mlcad65511.2025.11189114,1706.03762,asserted,publisher,True,True,True,False,ref28,,True,False,,,False,,skipped,False,False,,skipped,
10.1007/s00521-023-08385-4,1412.6980,mined,,True,True,False,True,8385_CR48,,True,False,https://openalex.org/W1522301498,,False,,skipped,False,False,,skipped,
10.1109/wacv57701.2024.00300,1706.03762,asserted,publisher,True,True,True,False,ref47,,True,False,,,False,,skipped,False,False,,skipped,
10.1109/cei60616.2023.10528114,1706.03762,asserted,publisher,True,True,True,False,ref16,,True,False,,,False,,skipped,False,False,,skipped,
10.1039/d3sc05612k,1412.6980,asserted,publisher,True,True,True,False,D3SC05612K/cit71/1,,True,False,https://openalex.org/W1522301498,,False,,skipped,False,False,,skipped,
10.1109/tsp.2024.3394656,1706.03762,asserted,publisher,True,True,True,False,ref4,,True,False,,,False,,skipped,False,False,,skipped,
10.1007/s12539-023-00558-y,1412.6980,asserted,publisher,True,True,True,False,558_CR40,,True,False,https://openalex.org/W1522301498,,False,,skipped,False,False,,skipped,
10.1016/j.bspc.2024.106239,1412.6980,mined,,True,True,False,True,10.1016/j.bspc.2024.106239_b0120,,False,False,https://openalex.org/W1522301498,citing_not_found,False,,skipped,False,False,,skipped,
10.1038/s41598-024-65664-3,1412.6980,mined,,True,True,False,True,65664_CR31,,True,False,https://openalex.org/W1522301498,,False,,skipped,False,False,,skipped,
10.1016/j.advwatres.2025.105001,1412.6980,mined,,True,True,False,True,10.1016/j.advwatres.2025.105001_bib0019,,True,False,https://openalex.org/W1522301498,,False,,skipped,False,False,,skipped,
10.1109/compeng60905.2024.10741429,1706.03762,asserted,publisher,True,True,True,False,ref1,,True,False,,,False,,skipped,False,False,,skipped,
10.1007/978-3-319-66808-6_18,1412.6980,mined,,True,True,False,True,18_CR24,,True,True,https://openalex.org/W1522301498,,False,,skipped,False,False,,skipped,
10.1109/tgrs.2021.3079123,1412.6980,mined,,True,True,False,True,ref54,,False,False,https://openalex.org/W1522301498,citing_not_found,False,,skipped,False,False,,skipped,
10.1002/qj.4447,1412.6980,mined,,True,True,False,True,e_1_2_10_22_1,,True,False,https://openalex.org/W1522301498,,False,,skipped,False,False,,skipped,
10.1007/978-3-031-19839-7_41,1412.6980,mined,,True,True,False,True,41_CR23,,True,False,https://openalex.org/W1522301498,,False,,skipped,False,False,,skipped,
10.1109/tcsvt.2024.3471891,1412.6980,mined,,True,True,False,True,ref30,,True,False,https://openalex.org/W1522301498,,False,,skipped,False,False,,skipped,
10.1016/j.knosys.2025.114952,1412.6980,mined,,True,True,False,True,10.1016/j.knosys.2025.114952_bib0034,,True,False,https://openalex.org/W1522301498,,False,,skipped,False,False,,skipped,
10.1080/14697688.2022.2135454,1412.6980,mined,crossref,True,True,False,True,CIT0032,,True,False,https://openalex.org/W1522301498,,False,,skipped,False,False,,skipped,
10.1109/tits.2019.2921722,1412.6980,mined,,True,True,False,True,ref57,,True,True,https://openalex.org/W1522301498,,False,,skipped,False,False,,skipped,
10.1007/s11517-024-03251-4,1706.03762,asserted,publisher,True,True,True,False,3251_CR1,,True,False,,,False,,skipped,False,False,,skipped,
10.1109/joe.2025.3531933,1706.03762,asserted,publisher,True,True,True,False,ref36,,True,False,,,False,,skipped,False,False,,skipped,
10.1007/s43674-023-00063-1,1412.6980,mined,,True,True,False,True,63_CR20,,True,False,https://openalex.org/W1522301498,,False,,skipped,False,False,,skipped,
10.1109/tits.2024.3379573,1412.6980,mined,,True,True,False,True,ref50,,True,True,https://openalex.org/W1522301498,,False,,skipped,False,False,,skipped,
10.1007/s00521-023-08745-0,1412.6980,mined,,True,True,False,True,8745_CR23,,True,False,https://openalex.org/W1522301498,,False,,skipped,False,False,,skipped,
10.1109/tnnls.2023.3335119,1412.6980,mined,,True,True,False,True,ref40,,True,False,https://openalex.org/W1522301498,,False,,skipped,False,False,,skipped,
10.1109/tgrs.2024.3472066,1706.03762,asserted,publisher,True,True,True,False,ref15,,True,False,,,False,,skipped,False,False,,skipped,
10.1109/jbhi.2024.3413146,1706.03762,asserted,publisher,True,True,True,False,ref38,,True,False,,,False,,skipped,False,False,,skipped,
10.5194/amt-15-3031-2022,1412.6980,mined,,True,True,False,True,ref18,,True,False,https://openalex.org/W1522301498,,False,,skipped,False,False,,skipped,
10.1109/tmm.2025.3604897,1706.03762,asserted,publisher,True,True,True,False,ref27,,True,False,,,False,,skipped,False,False,,skipped,
10.1109/saner60148.2024.00030,1706.03762,asserted,publisher,True,True,True,False,ref18,,True,False,,,False,,skipped,False,False,,skipped,
10.1109/iscas56072.2025.11044312,1706.03762,asserted,publisher,True,True,True,False,ref7,,True,False,,,False,,skipped,False,False,,skipped,
10.1016/j.jvcir.2020.102770,1412.6980,mined,,True,True,False,True,10.1016/j.jvcir.2020.102770_b0265,,True,False,https://openalex.org/W1522301498,,False,,skipped,False,False,,skipped,
10.1145/3397271.3401181,1412.6980,mined,,True,True,False,True,e_1_3_2_1_20_1,,True,True,https://openalex.org/W1522301498,,False,,skipped,False,False,,skipped,
10.1109/taslpro.2025.3552983,1706.03762,asserted,publisher,True,True,True,False,ref43,,True,False,,,False,,skipped,False,False,,skipped,
10.32829/eesj.v8i1.206,1412.6980,mined,,True,True,False,True,3103,,False,False,https://openalex.org/W1522301498,citing_not_found,False,,skipped,False,False,,skipped,
10.1016/j.media.2021.102289,1412.6980,mined,,True,True,False,True,10.1016/j.media.2021.102289_bib0019,,True,False,https://openalex.org/W1522301498,,False,,skipped,False,False,,skipped,
10.1145/3711896.3736972,1412.6980,mined,,True,True,False,True,e_1_3_2_2_23_1,,True,False,https://openalex.org/W1522301498,,False,,skipped,False,False,,skipped,
10.1109/ictai62512.2024.00023,1706.03762,asserted,publisher,True,True,True,False,ref1,,True,False,,,False,,skipped,False,False,,skipped,
10.1007/978-3-030-69128-8_7,1412.6980,mined,,True,True,False,True,7_CR12,,True,False,https://openalex.org/W1522301498,,False,,skipped,False,False,,skipped,
10.1109/jas.2024.124332,1706.03762,asserted,publisher,True,True,True,False,ref42,,True,False,,,False,,skipped,False,False,,skipped,
10.1109/tkde.2024.3485108,1706.03762,asserted,publisher,True,True,True,False,ref15,,True,False,,,False,,skipped,False,False,,skipped,
10.1007/978-3-031-11203-4_7,1412.6980,mined,,True,True,False,True,7_CR14,,True,False,https://openalex.org/W1522301498,,False,,skipped,False,False,,skipped,
10.3389/fncom.2022.1012559,1412.6980,asserted,publisher,True,True,True,False,B25,,False,False,https://openalex.org/W1522301498,citing_not_found,False,,skipped,False,False,,skipped,
10.1109/tce.2022.3141093,1412.6980,mined,,True,True,False,True,ref28,,True,True,https://openalex.org/W1522301498,,False,,skipped,False,False,,skipped,
10.1109/taffc.2023.3279311,1706.03762,asserted,publisher,True,True,True,False,ref98,,True,False,,,False,,skipped,False,False,,skipped,
10.1145/3725891,1412.6980,mined,,True,True,False,True,e_1_3_2_42_2,,True,False,https://openalex.org/W1522301498,,False,,skipped,False,False,,skipped,
10.1109/smartcomp65954.2025.00105,1706.03762,asserted,publisher,True,True,True,False,ref15,,True,False,,,False,,skipped,False,False,,skipped,
10.1007/978-3-031-12423-5_13,1412.6980,mined,,True,True,False,True,13_CR15,,True,True,https://openalex.org/W1522301498,,False,,skipped,False,False,,skipped,
10.1109/twc.2021.3106154,1412.6980,mined,,True,True,False,True,ref61,,False,False,https://openalex.org/W1522301498,citing_not_found,False,,skipped,False,False,,skipped,
10.1073/pnas.2426916122,1412.6980,mined,,True,True,False,True,e_1_3_4_49_2,,True,False,https://openalex.org/W1522301498,,False,,skipped,False,False,,skipped,
10.1109/icicml63543.2024.10957777,1706.03762,asserted,publisher,True,True,True,False,ref8,,True,False,,,False,,skipped,False,False,,skipped,
10.1016/j.measurement.2020.107843,1412.6980,mined,,True,True,False,True,10.1016/j.measurement.2020.107843_b0150,,True,False,https://openalex.org/W1522301498,,False,,skipped,False,False,,skipped,
10.1109/tip.2024.3404854,1706.03762,asserted,publisher,True,True,True,False,ref30,,True,False,,,False,,skipped,False,False,,skipped,
10.1109/apsec65559.2024.00030,1706.03762,asserted,publisher,True,True,True,False,ref15,,True,False,,,False,,skipped,False,False,,skipped,
10.1007/s11042-024-18219-7,1409.1556,asserted,publisher,True,True,True,False,18219_CR27,,True,False,https://openalex.org/W1686810756,,False,,skipped,False,False,,skipped,
10.1364/josab.550317,1412.6980,asserted,publisher,True,True,True,False,josab-42-4-763-R44,,True,False,https://openalex.org/W1522301498,,False,,skipped,False,False,,skipped,
10.36548/jiip.2023.1.003,1412.6980,mined,,True,True,False,True,ref20,,True,False,https://openalex.org/W1522301498,,False,,skipped,False,False,,skipped,
10.1109/metacom62920.2024.00064,1706.03762,asserted,publisher,True,True,True,False,ref46,,True,False,,,False,,skipped,False,False,,skipped,
10.1109/dasc62030.2024.10749057,1706.03762,asserted,publisher,True,True,True,False,ref19,,True,False,,,False,,skipped,False,False,,skipped,
10.1007/s11263-024-02319-w,1412.6980,mined,,True,True,False,True,2319_CR22,,False,False,https://openalex.org/W1522301498,citing_not_found,False,,skipped,False,False,,skipped,
10.1109/tgrs.2024.3373820,1706.03762,asserted,publisher,True,True,True,False,ref37,,True,False,,,False,,skipped,False,False,,skipped,
10.1109/iceic57457.2023.10049859,1706.03762,asserted,publisher,True,True,True,False,ref6,,True,False,,,False,,skipped,False,False,,skipped,
10.1007/978-3-031-20056-4_15,1412.6980,mined,,True,True,False,True,15_CR33,,True,False,https://openalex.org/W1522301498,,False,,skipped,False,False,,skipped,
10.1109/jstars.2024.3504549,1706.03762,asserted,publisher,True,True,True,False,ref13,,True,False,,,False,,skipped,False,False,,skipped,
10.1007/s10278-025-01693-2,1412.6980,mined,,True,True,False,True,1693_CR32,,True,False,https://openalex.org/W1522301498,,False,,skipped,False,False,,skipped,
10.1145/3699682.3728318,1412.6980,mined,,True,True,False,True,e_1_3_3_3_34_2,,True,False,https://openalex.org/W1522301498,,False,,skipped,False,False,,skipped,
10.1145/3477495.3531756,1412.6980,mined,,True,True,False,True,e_1_3_2_2_5_1,,True,False,https://openalex.org/W1522301498,,False,,skipped,False,False,,skipped,
10.1038/s41598-022-22264-3,1412.6980,mined,,True,True,False,True,22264_CR58,,False,False,https://openalex.org/W1522301498,citing_not_found,False,,skipped,False,False,,skipped,
10.2967/jnumed.122.264429,1412.6980,mined,,True,True,False,True,2023033021451404000_64.3.472.14,,True,False,https://openalex.org/W1522301498,,False,,skipped,False,False,,skipped,
10.1109/jbhi.2024.3397047,1706.03762,asserted,publisher,True,True,True,False,ref16,,True,False,,,False,,skipped,False,False,,skipped,
10.1109/icdm59182.2024.00124,1706.03762,asserted,publisher,True,True,True,False,ref17,,True,False,,,False,,skipped,False,False,,skipped,
10.1145/3729344,1412.6980,mined,,True,True,False,True,e_1_2_1_32_1,,True,False,https://openalex.org/W1522301498,,False,,skipped,False,False,,skipped,
10.1021/acs.analchem.4c01622,1412.6980,asserted,publisher,True,True,True,False,ref59/cit59,,True,False,https://openalex.org/W1522301498,,False,,skipped,False,False,,skipped,
10.1007/978-3-031-41682-8_6,1412.6980,mined,,True,True,False,True,6_CR17,,True,False,https://openalex.org/W1522301498,,False,,skipped,False,False,,skipped,
10.1109/tkde.2025.3531770,1706.03762,asserted,publisher,True,True,True,False,ref50,,True,False,,,False,,skipped,False,False,,skipped,
10.1109/icra57147.2024.10611123,1706.03762,asserted,publisher,True,True,True,False,ref23,,True,False,,,False,,skipped,False,False,,skipped,
10.1145/3443279.3443287,1412.6980,mined,,True,True,False,True,e_1_3_2_1_11_1,,True,False,https://openalex.org/W1522301498,,False,,skipped,False,False,,skipped,
10.1007/978-3-030-77562-9_4,1412.6980,mined,,True,True,False,True,4_CR257,,True,False,https://openalex.org/W1522301498,,False,,skipped,False,False,,skipped,
10.1109/wacvw58289.2023.00012,1706.03762,asserted,publisher,True,True,True,False,ref26,,True,False,,,False,,skipped,False,False,,skipped,
10.1038/s41598-025-12157-6,1412.6980,mined,,True,True,False,True,12157_CR41,,True,False,https://openalex.org/W1522301498,,False,,skipped,False,False,,skipped,
10.1007/978-3-030-72084-1_25,1412.6980,mined,,True,True,False,True,25_CR18,,True,True,https://openalex.org/W1522301498,,False,,skipped,False,False,,skipped,
10.1109/tnsre.2024.3468339,1706.03762,asserted,publisher,True,True,True,False,ref14,,True,False,,,False,,skipped,False,False,,skipped,
10.1109/bigdata55660.2022.10021003,1706.03762,asserted,publisher,True,True,True,False,ref11,,True,False,,,False,,skipped,False,False,,skipped,
10.1109/icicv62344.2024.00045,1706.03762,asserted,publisher,True,True,True,False,ref1,,False,False,,citing_not_found,False,,skipped,False,False,,skipped,
10.1631/fitee.1800532,1412.6980,mined,,True,True,False,True,1435_CR11,,True,False,https://openalex.org/W1522301498,,False,,skipped,False,False,,skipped,
10.1109/wacv57701.2024.00127,1706.03762,asserted,publisher,True,True,True,False,ref78,,False,False,,citing_not_found,False,,skipped,False,False,,skipped,
10.14232/actacyb.298356,1409.1556,asserted,publisher,True,True,True,False,ref34,,True,False,https://openalex.org/W1686810756,,False,,skipped,False,False,,skipped,
10.1109/tim.2024.3415782,1706.03762,asserted,publisher,True,True,True,False,ref16,,True,False,,,False,,skipped,False,False,,skipped,
10.1109/taslp.2024.3419421,1706.03762,asserted,publisher,True,True,True,False,ref10,,True,False,,,False,,skipped,False,False,,skipped,
10.1109/access.2022.3210468,1412.6980,mined,,True,True,False,True,ref74,,True,True,https://openalex.org/W1522301498,,False,,skipped,False,False,,skipped,
10.1007/978-981-99-8549-4_10,1412.6980,mined,,True,True,False,True,10_CR10,,True,False,https://openalex.org/W1522301498,,False,,skipped,False,False,,skipped,
10.1007/s00034-022-02226-w,1412.6980,mined,,True,True,False,True,2226_CR31,,True,False,https://openalex.org/W1522301498,,False,,skipped,False,False,,skipped,
10.1109/ojvt.2025.3579341,1706.03762,asserted,publisher,True,True,True,False,ref18,,True,False,,,False,,skipped,False,False,,skipped,
10.1109/tgrs.2025.3541390,1706.03762,asserted,publisher,True,True,True,False,ref2,,True,False,,,False,,skipped,False,False,,skipped,
10.1109/tim.2025.3545540,1706.03762,asserted,publisher,True,True,True,False,ref24,,True,False,,,False,,skipped,False,False,,skipped,
10.1063/5.0230117,1412.6980,mined,,True,True,False,True,2024091316023710300_c24,,True,True,https://openalex.org/W1522301498,,False,,skipped,False,False,,skipped,
10.1109/tmm.2023.3289760,1706.03762,asserted,publisher,True,True,True,False,ref19,,True,False,,,False,,skipped,False,False,,skipped,
10.1109/access.2024.3355816,1706.03762,asserted,publisher,True,True,True,False,ref310,,True,False,,,False,,skipped,False,False,,skipped,
10.1088/1674-1056/adab63,1706.03762,asserted,publisher,True,True,True,False,cpb_34_3_030306bib27,,True,False,,,False,,skipped,False,False,,skipped,
10.1515/mcma-2020-2080,1412.6980,mined,,True,True,False,True,2025041514060558360_j_mcma-2020-2080_ref_018_w2aab3b7e1254b1b6b1ab2b1c18Aa,,True,True,https://openalex.org/W1522301498,,False,,skipped,False,False,,skipped,
10.1007/s44443-025-00297-8,1706.03762,asserted,publisher,True,True,True,False,297_CR43,,True,False,,,False,,skipped,False,False,,skipped,
10.1109/tim.2024.3427837,1706.03762,asserted,publisher,True,True,True,False,ref17,,True,False,,,False,,skipped,False,False,,skipped,
10.1109/oncon62778.2024.10931360,1706.03762,asserted,publisher,True,True,True,False,ref22,,True,False,,,False,,skipped,False,False,,skipped,
10.1109/ubmk63289.2024.10773473,1706.03762,asserted,publisher,True,True,True,False,ref2,,True,False,,,False,,skipped,False,False,,skipped,
10.1109/slt61566.2024.10832205,1706.03762,asserted,publisher,True,True,True,False,ref52,,False,False,,citing_not_found,False,,skipped,False,False,,skipped,
10.1109/tim.2025.3565351,1706.03762,asserted,publisher,True,True,True,False,ref38,,True,False,,,False,,skipped,False,False,,skipped,
10.1109/icra57147.2024.10610569,1706.03762,asserted,publisher,True,True,True,False,ref47,,False,False,,citing_not_found,False,,skipped,False,False,,skipped,
10.1145/3550454.3555517,1412.6980,asserted,publisher,True,True,True,False,e_1_2_1_23_1,,True,False,https://openalex.org/W1522301498,,False,,skipped,False,False,,skipped,
10.1109/coins57856.2023.10189232,1706.03762,asserted,publisher,True,True,True,False,ref10,,True,False,,,False,,skipped,False,False,,skipped,
10.1061/(asce)me.1943-5479.0000810,1412.6980,mined,,True,True,False,True,e_1_3_3_47_1,,True,True,https://openalex.org/W1522301498,,False,,skipped,False,False,,skipped,
10.1016/j.cmpb.2020.105643,1412.6980,mined,,True,True,False,True,10.1016/j.cmpb.2020.105643_bib0034,,True,False,https://openalex.org/W1522301498,,False,,skipped,False,False,,skipped,
10.1145/3581783.3611996,1412.6980,mined,,True,True,False,True,e_1_3_2_1_16_1,,True,False,https://openalex.org/W1522301498,,False,,skipped,False,False,,skipped,
10.1080/10106049.2024.2417919,1412.6980,asserted,publisher,True,True,True,False,e_1_3_4_28_1,,True,False,https://openalex.org/W1522301498,,False,,skipped,False,False,,skipped,
10.1109/icisc65841.2025.11188157,1706.03762,asserted,publisher,True,True,True,False,ref17,,True,False,,,False,,skipped,False,False,,skipped,
10.1109/access.2025.3526954,1706.03762,asserted,publisher,True,True,True,False,ref17,,True,False,,,False,,skipped,False,False,,skipped,
10.1109/access.2023.3251571,1412.6980,mined,,True,True,False,True,ref47,,True,True,https://openalex.org/W1522301498,,False,,skipped,False,False,,skipped,
10.1109/icassp49660.2025.10887759,1706.03762,asserted,publisher,True,True,True,False,ref5,,True,False,,,False,,skipped,False,False,,skipped,
10.1109/tvcg.2024.3460652,1706.03762,asserted,publisher,True,True,True,False,ref45,,True,False,,,False,,skipped,False,False,,skipped,
10.1145/3544793.3563428,1412.6980,mined,,True,True,False,True,e_1_3_2_1_6_1,,True,False,https://openalex.org/W1522301498,,False,,skipped,False,False,,skipped,
10.1007/s11433-021-1734-3,1412.6980,mined,,True,True,False,True,1734_CR55,,False,False,https://openalex.org/W1522301498,citing_not_found,False,,skipped,False,False,,skipped,
10.1007/978-3-031-23443-9_12,1412.6980,mined,,True,True,False,True,12_CR9,,True,False,https://openalex.org/W1522301498,,False,,skipped,False,False,,skipped,
10.1007/978-3-031-17266-3_11,1412.6980,mined,,True,True,False,True,11_CR18,,True,False,https://openalex.org/W1522301498,,False,,skipped,False,False,,skipped,
10.1007/978-3-031-72848-8_17,1412.6980,mined,,True,True,False,True,17_CR15,,True,False,https://openalex.org/W1522301498,,False,,skipped,False,False,,skipped,
10.1109/access.2024.3440882,1706.03762,asserted,publisher,True,True,True,False,ref8,,True,False,,,False,,skipped,False,False,,skipped,
10.1007/s11590-024-02119-8,1412.6980,mined,,True,True,False,True,2119_CR14,,True,False,https://openalex.org/W1522301498,,False,,skipped,False,False,,skipped,
10.5194/hess-26-795-2022,1412.6980,mined,,True,True,False,True,ref58,,True,False,https://openalex.org/W1522301498,,False,,skipped,False,False,,skipped,
10.1109/ispa63168.2024.00171,1706.03762,asserted,publisher,True,True,True,False,ref25,,False,False,,citing_not_found,False,,skipped,False,False,,skipped,
10.1007/978-3-030-67832-6_36,1412.6980,mined,,True,True,False,True,36_CR16,,True,False,https://openalex.org/W1522301498,,False,,skipped,False,False,,skipped,
10.1016/j.compmedimag.2021.102000,1412.6980,mined,,True,True,False,True,10.1016/j.compmedimag.2021.102000_bib29,,False,False,https://openalex.org/W1522301498,citing_not_found,False,,skipped,False,False,,skipped,
10.1109/swc62898.2024.00231,1706.03762,asserted,publisher,True,True,True,False,ref16,,True,False,,,False,,skipped,False,False,,skipped,
10.1007/s40747-025-01836-6,1412.6980,asserted,publisher,True,True,True,False,1836_CR48,,True,False,https://openalex.org/W1522301498,,False,,skipped,False,False,,skipped,
10.1109/tim.2024.3446609,1706.03762,asserted,publisher,True,True,True,False,ref58,,True,False,,,False,,skipped,False,False,,skipped,
10.1109/jstars.2025.3598873,1706.03762,asserted,publisher,True,True,True,False,ref31,,True,False,,,False,,skipped,False,False,,skipped,
10.1109/gcwkshp64532.2024.11101040,1706.03762,asserted,publisher,True,True,True,False,ref23,,True,False,,,False,,skipped,False,False,,skipped,
10.3724/sp.j.1089.2023.19388,1412.6980,mined,,True,True,False,True,CITATION22,,True,False,https://openalex.org/W1522301498,,False,,skipped,False,False,,skipped,
10.23919/pcmp.2023.000167,1706.03762,asserted,publisher,True,True,True,False,ref58,,True,False,,,False,,skipped,False,False,,skipped,
10.1007/s11831-024-10173-9,1706.03762,asserted,publisher,True,True,True,False,10173_CR160,,True,False,,,False,,skipped,False,False,,skipped,
10.1007/s00530-025-01804-7,1412.6980,mined,,True,True,False,True,1804_CR49,,True,False,https://openalex.org/W1522301498,,False,,skipped,False,False,,skipped,
10.1007/978-3-030-20915-5_11,1412.6980,mined,,True,True,False,True,11_CR8,,True,False,https://openalex.org/W1522301498,,False,,skipped,False,False,,skipped,
10.1049/iet-ipr.2019.0699,1412.6980,mined,,True,True,False,True,e_1_2_6_27_1,,False,False,https://openalex.org/W1522301498,citing_not_found,False,,skipped,False,False,,skipped,
10.1109/jproc.2025.3605535,1706.03762,asserted,publisher,True,True,True,False,ref73,,True,False,,,False,,skipped,False,False,,skipped,
10.1007/s44379-024-00002-y,1412.6980,asserted,publisher,True,True,True,False,2_CR30,,True,False,https://openalex.org/W1522301498,,False,,skipped,False,False,,skipped,
10.1007/s00371-020-01979-2,1412.6980,mined,,True,True,False,True,1979_CR13,,True,False,https://openalex.org/W1522301498,,False,,skipped,False,False,,skipped,
10.1109/ssci51031.2022.10022284,1706.03762,asserted,publisher,True,True,True,False,ref13,,True,False,,,False,,skipped,False,False,,skipped,
10.1109/icassp49660.2025.10890468,1706.03762,asserted,publisher,True,True,True,False,ref23,,True,False,,,False,,skipped,False,False,,skipped,
10.1109/tsc.2025.3603867,1706.03762,asserted,publisher,True,True,True,False,ref50,,False,False,,citing_not_found,False,,skipped,False,False,,skipped,
10.1109/tim.2022.3149101,1412.6980,mined,,True,True,False,True,ref41,,True,True,https://openalex.org/W1522301498,,False,,skipped,False,False,,skipped,
10.7717/peerj.19919,1412.6980,asserted,publisher,True,True,True,False,10.7717/peerj.19919/ref-33,,True,False,https://openalex.org/W1522301498,,False,,skipped,False,False,,skipped,
10.1109/icicnct66124.2025.11232904,1706.03762,asserted,publisher,True,True,True,False,ref1,,True,False,,,False,,skipped,False,False,,skipped,
10.1111/ffe.13540,1412.6980,mined,,True,True,False,True,e_1_2_15_40_1,,True,False,https://openalex.org/W1522301498,,False,,skipped,False,False,,skipped,
10.1007/978-3-030-73018-5_2,1412.6980,mined,,True,True,False,True,2_CR14,,False,False,https://openalex.org/W1522301498,citing_not_found,False,,skipped,False,False,,skipped,
10.1109/iai63275.2024.10730473,1706.03762,asserted,publisher,True,True,True,False,ref4,,True,False,,,False,,skipped,False,False,,skipped,
10.1007/978-3-031-14937-5_6,1412.6980,mined,,True,True,False,True,6_CR18,,False,False,https://openalex.org/W1522301498,citing_not_found,False,,skipped,False,False,,skipped,
10.1016/j.jksuci.2022.11.014,1412.6980,mined,,True,True,False,True,10.1016/j.jksuci.2022.11.014_b0085,,True,False,https://openalex.org/W1522301498,,False,,skipped,False,False,,skipped,
10.1007/978-981-19-7447-2_47,1412.6980,mined,,True,True,False,True,47_CR16,,True,False,https://openalex.org/W1522301498,,False,,skipped,False,False,,skipped,
10.1109/tip.2024.3393754,1412.6980,mined,,True,True,False,True,ref72,,True,True,https://openalex.org/W1522301498,,False,,skipped,False,False,,skipped,
10.1109/access.2025.3569658,1706.03762,asserted,publisher,True,True,True,False,ref5,,False,False,,citing_not_found,False,,skipped,False,False,,skipped,
10.1109/jiot.2024.3501294,1706.03762,asserted,publisher,True,True,True,False,ref14,,True,False,,,False,,skipped,False,False,,skipped,
10.1109/jsen.2024.3479239,1706.03762,asserted,publisher,True,True,True,False,ref20,,True,False,,,False,,skipped,False,False,,skipped,
10.1364/ao.504482,1412.6980,asserted,publisher,True,True,True,False,ao-62-34-9108-R35,,True,False,https://openalex.org/W1522301498,,False,,skipped,False,False,,skipped,
10.1109/iccia65044.2024.10768162,1706.03762,asserted,publisher,True,True,True,False,ref7,,True,False,,,False,,skipped,False,False,,skipped,
10.1002/bimj.202000393,1412.6980,mined,,True,True,False,True,e_1_2_9_18_1,,True,True,https://openalex.org/W1522301498,,False,,skipped,False,False,,skipped,
10.1007/s10115-021-01610-3,1412.6980,mined,,True,True,False,True,1610_CR20,,True,True,https://openalex.org/W1522301498,,False,,skipped,False,False,,skipped,
10.1109/tkde.2023.3333371,1706.03762,asserted,publisher,True,True,True,False,ref39,,True,False,,,False,,skipped,False,False,,skipped,
10.1109/tmc.2024.3425733,1706.03762,asserted,publisher,True,True,True,False,ref39,,False,False,,citing_not_found,False,,skipped,False,False,,skipped,
10.1007/978-981-99-9637-7_8,1412.6980,mined,,True,True,False,True,8_CR23,,True,False,https://openalex.org/W1522301498,,False,,skipped,False,False,,skipped,
10.1145/3545177,1409.1556,asserted,publisher,True,True,True,False,e_1_3_1_32_2,,True,False,https://openalex.org/W1686810756,,False,,skipped,False,False,,skipped,
10.1109/tim.2025.3604132,1706.03762,asserted,publisher,True,True,True,False,ref28,,True,False,,,False,,skipped,False,False,,skipped,
10.1109/icsadl65848.2025.10933235,1706.03762,asserted,publisher,True,True,True,False,ref25,,True,False,,,False,,skipped,False,False,,skipped,
10.1101/2023.10.05.561066,1412.6980,mined,,True,True,False,True,2023101204451295000_2023.10.05.561066v1.81,,True,False,https://openalex.org/W1522301498,,False,,skipped,False,False,,skipped,
10.1109/gpecom65896.2025.11061859,1706.03762,asserted,publisher,True,True,True,False,ref23,,False,False,,citing_not_found,False,,skipped,False,False,,skipped,
10.1007/s10515-025-00528-2,1412.6980,mined,,True,True,False,True,528_CR28,,True,False,https://openalex.org/W1522301498,,False,,skipped,False,False,,skipped,
10.1109/tmm.2024.3412330,1706.03762,asserted,publisher,True,True,True,False,ref45,,True,False,,,False,,skipped,False,False,,skipped,
10.1145/3442381.3449855,1412.6980,mined,,True,True,False,True,e_1_3_2_1_23_1,,True,False,https://openalex.org/W1522301498,,False,,skipped,False,False,,skipped,
10.1007/s11517-020-02216-7,1412.6980,mined,,True,True,False,True,2216_CR13,,True,True,https://openalex.org/W1522301498,,False,,skipped,False,False,,skipped,
10.1007/s11042-022-13643-z,1412.6980,mined,,True,True,False,True,13643_CR14,,True,False,https://openalex.org/W1522301498,,False,,skipped,False,False,,skipped,
10.1109/tpami.2024.3476487,1706.03762,asserted,publisher,True,True,True,False,ref80,,True,False,,,False,,skipped,False,False,,skipped,
10.1109/tcsvt.2024.3395481,1706.03762,asserted,publisher,True,True,True,False,ref25,,True,False,,,False,,skipped,False,False,,skipped,
10.1007/s11042-023-15751-w,1412.6980,mined,,True,True,False,True,15751_CR40,,True,False,https://openalex.org/W1522301498,,False,,skipped,False,False,,skipped,
10.1109/tgrs.2025.3578905,1412.6980,mined,,True,True,False,True,ref46,,False,False,https://openalex.org/W1522301498,citing_not_found,False,,skipped,False,False,,skipped,
10.1109/wacvw60836.2024.00106,1706.03762,asserted,publisher,True,True,True,False,ref173,,True,False,,,False,,skipped,False,False,,skipped,
10.1145/3703790.3703795,1412.6980,mined,,True,True,False,True,e_1_3_3_2_12_2,,True,False,https://openalex.org/W1522301498,,False,,skipped,False,False,,skipped,
10.1140/epjc/s10052-025-13892-w,1412.6980,mined,,True,True,False,True,13892_CR82,,True,False,https://openalex.org/W1522301498,,False,,skipped,False,False,,skipped,
10.1145/3581783.3612330,1412.6980,mined,,True,True,False,True,e_1_3_2_1_16_1,,True,False,https://openalex.org/W1522301498,,False,,skipped,False,False,,skipped,
10.1080/24725854.2024.2408546,1412.6980,mined,,True,True,False,True,e_1_3_2_18_1,,True,False,https://openalex.org/W1522301498,,False,,skipped,False,False,,skipped,
10.1002/stc.2618,1412.6980,mined,,True,True,False,True,e_1_2_7_59_1,,True,False,https://openalex.org/W1522301498,,False,,skipped,False,False,,skipped,
10.1109/iccsn66511.2025.11172636,1706.03762,asserted,publisher,True,True,True,False,ref12,,True,False,,,False,,skipped,False,False,,skipped,
10.1101/2024.05.14.594109,1412.6980,asserted,publisher,True,True,True,False,2024052202000738000_2024.05.14.594109v1.38,,True,False,https://openalex.org/W1522301498,,False,,skipped,False,False,,skipped,
10.1007/s11760-024-03338-3,1412.6980,mined,,True,True,False,True,3338_CR47,,True,False,https://openalex.org/W1522301498,,False,,skipped,False,False,,skipped,
10.1111/mice.13233,1412.6980,mined,,True,True,False,True,e_1_2_7_12_1,,False,False,https://openalex.org/W1522301498,citing_not_found,False,,skipped,False,False,,skipped,
10.1109/cvpr52729.2023.01729,1706.03762,asserted,publisher,True,True,True,False,ref44,,True,False,,,False,,skipped,False,False,,skipped,
10.1109/ipdpsw63119.2024.00073,1706.03762,asserted,publisher,True,True,True,False,ref53,,True,False,,,False,,skipped,False,False,,skipped,
10.1109/tgrs.2024.3492023,1412.6980,mined,,True,True,False,True,ref67,,True,False,https://openalex.org/W1522301498,,False,,skipped,False,False,,skipped,
10.1109/tetci.2024.3440181,1706.03762,asserted,publisher,True,True,True,False,ref35,,False,False,,citing_not_found,False,,skipped,False,False,,skipped,
10.21203/rs.3.rs-6844429/v1,1706.03762,asserted,publisher,True,True,True,False,ref45,,True,False,,,False,,skipped,False,False,,skipped,
10.3389/fnins.2022.883693,1409.1556,asserted,publisher,True,True,True,False,B18,,True,False,https://openalex.org/W1686810756,,False,,skipped,False,False,,skipped,
10.1175/aies-d-24-0007.1,1412.6980,mined,,True,True,False,True,bib30,,True,True,https://openalex.org/W1522301498,,False,,skipped,False,False,,skipped,
10.1051/jeos/2023015,1412.6980,mined,,True,True,False,True,R10,,True,False,https://openalex.org/W1522301498,,False,,skipped,False,False,,skipped,
10.1109/iseda65950.2025.11101285,1706.03762,asserted,publisher,True,True,True,False,ref9,,True,False,,,False,,skipped,False,False,,skipped,
10.1038/s41597-025-05780-5,1412.6980,mined,,True,True,False,True,5780_CR14,,True,False,https://openalex.org/W1522301498,,False,,skipped,False,False,,skipped,
10.1109/icaisisas64483.2025.11052166,1706.03762,asserted,publisher,True,True,True,False,ref15,,True,False,,,False,,skipped,False,False,,skipped,
10.1093/braincomms/fcae154,1412.6980,asserted,publisher,True,True,True,False,2025052908013196800_fcae154-B58,,True,False,https://openalex.org/W1522301498,,False,,skipped,False,False,,skipped,
10.1016/j.neucom.2023.126523,1412.6980,mined,,True,True,False,True,10.1016/j.neucom.2023.126523_b0235,,True,False,https://openalex.org/W1522301498,,False,,skipped,False,False,,skipped,
10.1021/acs.jcim.5c00491,1412.6980,mined,,True,True,False,True,ref74/cit74,,True,False,https://openalex.org/W1522301498,,False,,skipped,False,False,,skipped,
10.1007/978-3-030-11726-9_22,1412.6980,mined,,True,True,False,True,22_CR10,,True,False,https://openalex.org/W1522301498,,False,,skipped,False,False,,skipped,
10.1039/d0sm00488j,1412.6980,mined,,True,True,False,True,D0SM00488J-(cit77)/*[position()=1],,False,False,https://openalex.org/W1522301498,citing_not_found,False,,skipped,False,False,,skipped,
10.1109/access.2024.3406260,1412.6980,mined,,True,True,False,True,ref48,,False,False,https://openalex.org/W1522301498,citing_not_found,False,,skipped,False,False,,skipped,
10.1109/icra55743.2025.11127615,1706.03762,asserted,publisher,True,True,True,False,ref41,,False,False,,citing_not_found,False,,skipped,False,False,,skipped,
10.23919/ccc64809.2025.11179317,1706.03762,asserted,publisher,True,True,True,False,ref14,,True,False,,,False,,skipped,False,False,,skipped,
10.1016/j.cageo.2021.104974,1412.6980,mined,,True,True,False,True,10.1016/j.cageo.2021.104974_bib18,,True,True,https://openalex.org/W1522301498,,False,,skipped,False,False,,skipped,
10.1016/j.apenergy.2019.05.044,1412.6980,mined,,True,True,False,True,10.1016/j.apenergy.2019.05.044_b0225,,True,False,https://openalex.org/W1522301498,,False,,skipped,False,False,,skipped,
10.1063/5.0077302,1412.6980,mined,,True,True,False,True,2023080921103018800_c80,,True,True,https://openalex.org/W1522301498,,False,,skipped,False,False,,skipped,
10.1111/1365-2478.13189,1412.6980,mined,,True,True,False,True,e_1_2_8_30_1,,True,False,https://openalex.org/W1522301498,,False,,skipped,False,False,,skipped,
10.1109/ijcnn60899.2024.10651126,1706.03762,asserted,publisher,True,True,True,False,ref29,,True,False,,,False,,skipped,False,False,,skipped,
10.1109/jbhi.2024.3466294,1706.03762,asserted,publisher,True,True,True,False,ref22,,True,False,,,False,,skipped,False,False,,skipped,
10.3389/fhpcp.2025.1536501,1706.03762,asserted,publisher,True,True,True,False,B137,,True,False,,,False,,skipped,False,False,,skipped,
10.1145/3550454.3555479,1412.6980,mined,,True,True,False,True,e_1_2_2_24_1,,True,False,https://openalex.org/W1522301498,,False,,skipped,False,False,,skipped,
10.1007/978-3-031-43987-2_37,1412.6980,mined,,True,True,False,True,37_CR8,,False,False,https://openalex.org/W1522301498,citing_not_found,False,,skipped,False,False,,skipped,
10.1007/978-3-030-75765-6_60,1412.6980,mined,,True,True,False,True,60_CR5,,True,False,https://openalex.org/W1522301498,,False,,skipped,False,False,,skipped,
10.1109/iros58592.2024.10802615,1706.03762,asserted,publisher,True,True,True,False,ref27,,True,False,,,False,,skipped,False,False,,skipped,
10.1109/ccece59415.2024.10667341,1706.03762,asserted,publisher,True,True,True,False,ref26,,True,False,,,False,,skipped,False,False,,skipped,
10.1145/3579109.3579137,1412.6980,mined,,True,True,False,True,e_1_3_2_1_27_1,,True,False,https://openalex.org/W1522301498,,False,,skipped,False,False,,skipped,
10.1016/j.neucom.2022.02.070,1412.6980,mined,,True,True,False,True,10.1016/j.neucom.2022.02.070_b0260,,False,False,https://openalex.org/W1522301498,citing_not_found,False,,skipped,False,False,,skipped,
10.1038/s41524-025-01770-8,1412.6980,mined,,True,True,False,True,1770_CR111,,True,False,https://openalex.org/W1522301498,,False,,skipped,False,False,,skipped,
10.1145/3410530.3414319,1412.6980,mined,,True,True,False,True,e_1_3_2_1_20_1,,False,False,https://openalex.org/W1522301498,citing_not_found,False,,skipped,False,False,,skipped,
10.1016/j.segan.2025.101794,1412.6980,mined,,True,True,False,True,10.1016/j.segan.2025.101794_bib43,,True,True,https://openalex.org/W1522301498,,False,,skipped,False,False,,skipped,
10.1109/aisp61396.2024.10475300,1706.03762,asserted,publisher,True,True,True,False,ref4,,True,False,,,False,,skipped,False,False,,skipped,
10.1109/bibm49941.2020.9313290,1412.6980,mined,,True,True,False,True,ref31,,True,True,https://openalex.org/W1522301498,,False,,skipped,False,False,,skipped,
10.1016/j.ins.2025.122771,1412.6980,mined,,True,True,False,True,10.1016/j.ins.2025.122771_bib0230,,True,False,https://openalex.org/W1522301498,,False,,skipped,False,False,,skipped,
10.1109/icmra59796.2023.10708363,1706.03762,asserted,publisher,True,True,True,False,ref25,,True,False,,,False,,skipped,False,False,,skipped,
10.1109/taslp.2024.3513835,1706.03762,asserted,publisher,True,True,True,False,ref30,,True,False,,,False,,skipped,False,False,,skipped,
10.1016/j.patrec.2020.01.012,1412.6980,mined,,True,True,False,True,10.1016/j.patrec.2020.01.012_bib0010,,True,False,https://openalex.org/W1522301498,,False,,skipped,False,False,,skipped,
10.1007/978-3-030-43215-7_13,1412.6980,mined,,True,True,False,True,13_CR15,,True,False,https://openalex.org/W1522301498,,False,,skipped,False,False,,skipped,
10.1145/3708035.3736016,1412.6980,mined,,True,True,False,True,e_1_3_3_1_14_2,,True,False,https://openalex.org/W1522301498,,False,,skipped,False,False,,skipped,
10.1145/3355089.3356511,1412.6980,mined,,True,True,False,True,e_1_2_2_19_1,,False,False,https://openalex.org/W1522301498,citing_not_found,False,,skipped,False,False,,skipped,
10.1109/ro-man63969.2025.11217678,1706.03762,asserted,publisher,True,True,True,False,ref15,,False,False,,citing_not_found,False,,skipped,False,False,,skipped,
10.1109/taes.2024.3381086,1706.03762,asserted,publisher,True,True,True,False,ref49,,True,False,,,False,,skipped,False,False,,skipped,
10.1145/3708778.3708781,1412.6980,mined,,True,True,False,True,e_1_3_3_1_4_2,,True,False,https://openalex.org/W1522301498,,False,,skipped,False,False,,skipped,
10.1109/ijcnn60899.2024.10651552,1706.03762,asserted,publisher,True,True,True,False,ref13,,True,False,,,False,,skipped,False,False,,skipped,
10.1109/access.2025.3530091,1706.03762,asserted,publisher,True,True,True,False,ref34,,True,False,,,False,,skipped,False,False,,skipped,
10.1145/3489517.3530476,1412.6980,mined,,True,True,False,True,e_1_3_2_1_11_1,,True,False,https://openalex.org/W1522301498,,False,,skipped,False,False,,skipped,
10.1007/978-3-030-47679-3_25,1412.6980,mined,,True,True,False,True,25_CR27,,True,True,https://openalex.org/W1522301498,,False,,skipped,False,False,,skipped,
10.1109/lsens.2024.3351913,1706.03762,asserted,publisher,True,True,True,False,ref8,,True,False,,,False,,skipped,False,False,,skipped,
10.1109/tcad.2023.3286262,1706.03762,asserted,publisher,True,True,True,False,ref23,,True,False,,,False,,skipped,False,False,,skipped,
10.1109/jsen.2025.3549177,1412.6980,mined,,True,True,False,True,ref41,,True,False,https://openalex.org/W1522301498,,False,,skipped,False,False,,skipped,
10.1109/access.2024.3393558,1706.03762,asserted,publisher,True,True,True,False,ref56,,True,False,,,False,,skipped,False,False,,skipped,
10.7717/peerj-cs.2465,1706.03762,asserted,publisher,True,True,True,False,10.7717/peerj-cs.2465/ref-30,,True,False,,,False,,skipped,False,False,,skipped,
10.1007/978-3-030-34869-4_48,1412.6980,mined,,True,True,False,True,48_CR9,,True,False,https://openalex.org/W1522301498,,False,,skipped,False,False,,skipped,
10.1049/cit2.70070,1706.03762,asserted,publisher,True,True,True,False,e_1_2_8_21_1,,False,False,,citing_not_found,False,,skipped,False,False,,skipped,
10.1109/tcad.2024.3524357,1412.6980,mined,,True,True,False,True,ref60,,False,False,https://openalex.org/W1522301498,citing_not_found,False,,skipped,False,False,,skipped,
10.1007/s00371-020-01849-x,1412.6980,mined,,True,True,False,True,1849_CR24,,True,False,https://openalex.org/W1522301498,,False,,skipped,False,False,,skipped,
10.14801/jkiit.2025.23.10.185,1412.6980,asserted,publisher,True,True,True,False,10.14801/jkiit.2025.23.10.185_ref25,,True,False,https://openalex.org/W1522301498,,False,,skipped,False,False,,skipped,
10.1109/bigdata55660.2022.10020873,1706.03762,asserted,publisher,True,True,True,False,ref20,,True,False,,,False,,skipped,False,False,,skipped,
10.1051/0004-6361/201731961,1412.6980,mined,,True,True,False,True,R31,,True,False,https://openalex.org/W1522301498,,False,,skipped,False,False,,skipped,
10.1089/cmb.2024.0927,1412.6980,mined,,True,True,False,True,B21,,True,False,https://openalex.org/W1522301498,,False,,skipped,False,False,,skipped,
10.1109/ijcnn60899.2024.10650167,1706.03762,asserted,publisher,True,True,True,False,ref23,,True,False,,,False,,skipped,False,False,,skipped,
10.3389/fncir.2025.1574877,1412.6980,asserted,publisher,True,True,True,False,B29,,True,False,https://openalex.org/W1522301498,,False,,skipped,False,False,,skipped,
10.1007/s40305-025-00601-3,1412.6980,mined,,True,True,False,True,601_CR5,,True,False,https://openalex.org/W1522301498,,False,,skipped,False,False,,skipped,
10.1109/cvpr52733.2024.01734,1706.03762,asserted,publisher,True,True,True,False,ref37,,True,False,,,False,,skipped,False,False,,skipped,
10.1134/s0361768824700208,1412.6980,mined,,True,True,False,True,3860_CR36,,True,False,https://openalex.org/W1522301498,,False,,skipped,False,False,,skipped,
10.1109/tevc.2023.3296536,1412.6980,mined,,True,True,False,True,ref32,,True,True,https://openalex.org/W1522301498,,False,,skipped,False,False,,skipped,
10.1109/tce.2024.3378771,1706.03762,asserted,publisher,True,True,True,False,ref40,,True,False,,,False,,skipped,False,False,,skipped,
10.1145/3664647.3680918,1412.6980,mined,,True,True,False,True,e_1_3_2_1_16_1,,True,False,https://openalex.org/W1522301498,,False,,skipped,False,False,,skipped,
10.1016/j.jhydrol.2024.131418,1412.6980,mined,,True,True,False,True,10.1016/j.jhydrol.2024.131418_b0125,,True,False,https://openalex.org/W1522301498,,False,,skipped,False,False,,skipped,
10.1109/iccit60459.2023.10441218,1706.03762,asserted,publisher,True,True,True,False,ref16,,True,False,,,False,,skipped,False,False,,skipped,
10.1007/s00146-022-01619-4,1412.6980,asserted,publisher,True,True,True,False,1619_CR61,,True,False,https://openalex.org/W1522301498,,False,,skipped,False,False,,skipped,
10.1109/jbhi.2025.3542583,1706.03762,asserted,publisher,True,True,True,False,ref46,,True,False,,,False,,skipped,False,False,,skipped,
10.1007/s42979-020-00384-9,1412.6980,mined,,True,True,False,True,384_CR13,,True,True,https://openalex.org/W1522301498,,False,,skipped,False,False,,skipped,
10.1029/2023ms003606,1412.6980,mined,,True,True,False,True,e_1_2_12_24_1,,True,False,https://openalex.org/W1522301498,,False,,skipped,False,False,,skipped,
10.1364/jocn.517529,1409.1556,asserted,publisher,True,True,True,False,jocn-16-7-C51-R19,,True,False,https://openalex.org/W1686810756,,False,,skipped,False,False,,skipped,
10.1109/tcsvt.2021.3103753,1412.6980,mined,,True,True,False,True,ref47,,True,True,https://openalex.org/W1522301498,,False,,skipped,False,False,,skipped,
10.1364/oe.493818,1412.6980,asserted,publisher,True,True,True,False,oe-31-17-28596-R20,,True,False,https://openalex.org/W1522301498,,False,,skipped,False,False,,skipped,
10.1145/3503161.3548146,1412.6980,mined,,True,True,False,True,e_1_3_2_2_20_1,,True,False,https://openalex.org/W1522301498,,False,,skipped,False,False,,skipped,
10.1007/978-3-030-33778-0_39,1412.6980,mined,,True,True,False,True,39_CR8,,True,False,https://openalex.org/W1522301498,,False,,skipped,False,False,,skipped,
10.1007/978-3-031-53582-6_5,1412.6980,mined,,True,True,False,True,5_CR15,,False,False,https://openalex.org/W1522301498,citing_not_found,False,,skipped,False,False,,skipped,
10.4236/jcc.2025.1311009,1412.6980,mined,,True,True,False,True,ref,,True,False,https://openalex.org/W1522301498,,False,,skipped,False,False,,skipped,
10.1109/iccea62105.2024.10603700,1706.03762,asserted,publisher,True,True,True,False,ref13,,True,False,,,False,,skipped,False,False,,skipped,
10.1109/tci.2024.3522761,1706.03762,asserted,publisher,True,True,True,False,ref22,,True,False,,,False,,skipped,False,False,,skipped,
10.1109/access.2024.3474295,1706.03762,asserted,publisher,True,True,True,False,ref23,,True,False,,,False,,skipped,False,False,,skipped,
10.1109/iros60139.2025.11246249,1706.03762,asserted,publisher,True,True,True,False,ref17,,True,False,,,False,,skipped,False,False,,skipped,
10.1007/s00371-024-03350-1,1409.1556,asserted,publisher,True,True,True,False,3350_CR15,,True,False,https://openalex.org/W1686810756,,False,,skipped,False,False,,skipped,
10.1109/tce.2023.3337234,1706.03762,asserted,publisher,True,True,True,False,ref27,,False,False,,citing_not_found,False,,skipped,False,False,,skipped,
10.1134/s1054661819040047,1412.6980,mined,,True,True,False,True,6034_CR43,,True,True,https://openalex.org/W1522301498,,False,,skipped,False,False,,skipped,
10.32604/cmes.2023.046348,1412.6980,mined,,True,True,False,True,ref38,,True,True,https://openalex.org/W1522301498,,False,,skipped,False,False,,skipped,
10.1016/j.prime.2024.100522,1412.6980,mined,,True,True,False,True,10.1016/j.prime.2024.100522_bib0029,,True,False,https://openalex.org/W1522301498,,False,,skipped,False,False,,skipped,
10.1029/2024jh000136,1412.6980,asserted,publisher,True,True,True,False,e_1_2_7_2_2_1,,True,False,https://openalex.org/W1522301498,,False,,skipped,False,False,,skipped,
10.1109/jstars.2025.3554385,1706.03762,asserted,publisher,True,True,True,False,ref54,,True,False,,,False,,skipped,False,False,,skipped,
10.1109/jbhi.2024.3368288,1706.03762,asserted,publisher,True,True,True,False,ref47,,True,False,,,False,,skipped,False,False,,skipped,
10.1145/3677052.3698635,1412.6980,mined,,True,True,False,True,e_1_3_2_1_14_1,,True,False,https://openalex.org/W1522301498,,False,,skipped,False,False,,skipped,
10.1109/jsen.2025.3574418,1706.03762,asserted,publisher,True,True,True,False,ref21,,True,False,,,False,,skipped,False,False,,skipped,
10.1134/s1064226924700037,1412.6980,asserted,publisher,True,True,True,False,2122_CR17,,True,False,https://openalex.org/W1522301498,,False,,skipped,False,False,,skipped,
10.1007/978-981-16-0401-0_2,1412.6980,mined,,True,True,False,True,2_CR29,,True,True,https://openalex.org/W1522301498,,False,,skipped,False,False,,skipped,
10.1038/s41598-025-96459-9,1412.6980,mined,,True,True,False,True,96459_CR27,,True,False,https://openalex.org/W1522301498,,False,,skipped,False,False,,skipped,
10.1007/978-981-99-2322-9_21,1706.03762,asserted,publisher,True,True,True,False,21_CR42,,True,False,,,False,,skipped,False,False,,skipped,
10.1109/jsen.2024.3396690,1706.03762,asserted,publisher,True,True,True,False,ref35,,True,False,,,False,,skipped,False,False,,skipped,
10.1109/tce.2023.3324009,1706.03762,asserted,publisher,True,True,True,False,ref29,,False,False,,citing_not_found,False,,skipped,False,False,,skipped,
10.1016/j.bspc.2025.107745,1412.6980,mined,,True,True,False,True,10.1016/j.bspc.2025.107745_b0180,,True,False,https://openalex.org/W1522301498,,False,,skipped,False,False,,skipped,
10.1109/tcsvt.2025.3541392,1706.03762,asserted,publisher,True,True,True,False,ref36,,True,False,,,False,,skipped,False,False,,skipped,
10.1109/mapr67746.2025.11133884,1706.03762,asserted,publisher,True,True,True,False,ref16,,True,False,,,False,,skipped,False,False,,skipped,
10.1007/s00603-023-03702-8,1412.6980,mined,,True,True,False,True,3702_CR29,,True,False,https://openalex.org/W1522301498,,False,,skipped,False,False,,skipped,
10.1007/978-3-031-72897-6_7,1412.6980,mined,,True,True,False,True,7_CR30,,True,False,https://openalex.org/W1522301498,,False,,skipped,False,False,,skipped,
10.1109/access.2024.3509987,1706.03762,asserted,publisher,True,True,True,False,ref11,,True,False,,,False,,skipped,False,False,,skipped,
10.1016/j.clinph.2025.03.038,1412.6980,mined,,True,True,False,True,10.1016/j.clinph.2025.03.038_b0065,,True,False,https://openalex.org/W1522301498,,False,,skipped,False,False,,skipped,
10.1038/s44172-025-00474-7,1409.1556,asserted,publisher,True,True,True,False,474_CR46,,True,False,https://openalex.org/W1686810756,,False,,skipped,False,False,,skipped,
10.1121/10.0005656,1412.6980,mined,,True,True,False,True,2023071700380318200_c51,,True,True,https://openalex.org/W1522301498,,False,,skipped,False,False,,skipped,
10.1016/j.oceaneng.2025.121804,1412.6980,mined,,True,True,False,True,10.1016/j.oceaneng.2025.121804_bib0022,,True,False,https://openalex.org/W1522301498,,False,,skipped,False,False,,skipped,
10.1038/s41598-022-19441-9,1412.6980,asserted,publisher,True,True,True,False,19441_CR38,,True,False,https://openalex.org/W1522301498,,False,,skipped,False,False,,skipped,
10.1109/icaisisas64483.2025.11051677,1706.03762,asserted,publisher,True,True,True,False,ref3,,True,False,,,False,,skipped,False,False,,skipped,
10.1111/cgf.14592,1412.6980,mined,,True,True,False,True,e_1_2_8_15_2,,True,False,https://openalex.org/W1522301498,,False,,skipped,False,False,,skipped,
10.1109/access.2025.3528902,1412.6980,mined,,True,True,False,True,ref47,,True,False,https://openalex.org/W1522301498,,False,,skipped,False,False,,skipped,
10.1038/s42256-023-00636-2,1706.03762,asserted,publisher,True,True,True,False,636_CR27,,True,False,,,False,,skipped,False,False,,skipped,
10.1063/5.0142127,1412.6980,mined,,True,True,False,True,2023081107473116000_c78,,True,False,https://openalex.org/W1522301498,,False,,skipped,False,False,,skipped,
10.1109/fuzz-ieee60900.2024.10611844,1706.03762,asserted,publisher,True,True,True,False,ref29,,True,False,,,False,,skipped,False,False,,skipped,
10.1007/978-981-99-8540-1_6,1412.6980,mined,,True,True,False,True,6_CR22,,True,False,https://openalex.org/W1522301498,,False,,skipped,False,False,,skipped,
10.1162/qss_a_00360,1706.03762,asserted,publisher,True,True,True,False,2025052709504670600_bib36,,True,False,,,False,,skipped,False,False,,skipped,
10.1021/acs.jctc.3c00868,1412.6980,mined,,True,True,False,True,ref61/cit61,,True,False,https://openalex.org/W1522301498,,False,,skipped,False,False,,skipped,
10.1145/3503161.3548115,1412.6980,mined,,True,True,False,True,e_1_3_2_2_16_1,,True,False,https://openalex.org/W1522301498,,False,,skipped,False,False,,skipped,
10.1109/access.2024.3395417,1706.03762,asserted,publisher,True,True,True,False,ref128,,True,False,,,False,,skipped,False,False,,skipped,
10.7554/elife.89421.2,1412.6980,asserted,publisher,True,True,True,False,c116,,True,False,https://openalex.org/W1522301498,,False,,skipped,False,False,,skipped,
10.1109/lmwt.2023.3340105,1412.6980,mined,,True,True,False,True,ref21,,True,True,https://openalex.org/W1522301498,,False,,skipped,False,False,,skipped,
10.1145/3369114.3369121,1412.6980,mined,,True,True,False,True,e_1_3_2_1_36_1,,False,False,https://openalex.org/W1522301498,citing_not_found,False,,skipped,False,False,,skipped,
10.1109/tcds.2024.3390597,1706.03762,asserted,publisher,True,True,True,False,ref36,,True,False,,,False,,skipped,False,False,,skipped,
10.1038/s41565-018-0346-1,1412.6980,mined,,True,True,False,True,346_CR52,,True,False,https://openalex.org/W1522301498,,False,,skipped,False,False,,skipped,
10.1007/s00202-025-03116-5,1412.6980,mined,,True,True,False,True,3116_CR36,,False,False,https://openalex.org/W1522301498,citing_not_found,False,,skipped,False,False,,skipped,
10.1109/tii.2024.3523580,1706.03762,asserted,publisher,True,True,True,False,ref28,,True,False,,,False,,skipped,False,False,,skipped,
10.1109/i2ct61223.2024.10543503,1706.03762,asserted,publisher,True,True,True,False,ref3,,True,False,,,False,,skipped,False,False,,skipped,
10.1016/j.sigpro.2018.12.005,1412.6980,mined,,True,True,False,True,10.1016/j.sigpro.2018.12.005_bib0057,,True,False,https://openalex.org/W1522301498,,False,,skipped,False,False,,skipped,
10.1101/2025.09.19.677446,1412.6980,asserted,publisher,True,True,True,False,2025092509100560000_2025.09.19.677446v1.49,,True,False,https://openalex.org/W1522301498,,False,,skipped,False,False,,skipped,
10.1364/oe.539328,1409.1556,asserted,publisher,True,True,True,False,oe-32-22-39073-R33,,True,False,https://openalex.org/W1686810756,,False,,skipped,False,False,,skipped,
10.1364/boe.467683,1706.03762,asserted,publisher,True,True,True,False,boe-13-11-6003-R3,,True,False,,,False,,skipped,False,False,,skipped,
10.1109/icccas62034.2024.10652686,1706.03762,asserted,publisher,True,True,True,False,ref12,,True,False,,,False,,skipped,False,False,,skipped,
10.1098/rspa.2023.0655,1412.6980,mined,,True,True,False,True,e_1_3_6_71_2,,True,False,https://openalex.org/W1522301498,,False,,skipped,False,False,,skipped,
10.1109/access.2023.3335382,1706.03762,asserted,publisher,True,True,True,False,ref31,,True,False,,,False,,skipped,False,False,,skipped,
10.1155/2019/6278908,1412.6980,mined,,True,True,False,True,e_1_2_10_50_2,,True,False,https://openalex.org/W1522301498,,False,,skipped,False,False,,skipped,
10.1016/j.cclet.2023.109186,1412.6980,mined,,True,True,False,True,10.1016/j.cclet.2023.109186_bib0024,,False,False,https://openalex.org/W1522301498,citing_not_found,False,,skipped,False,False,,skipped,
10.1016/j.neucom.2021.02.041,1412.6980,mined,,True,True,False,True,10.1016/j.neucom.2021.02.041_b0280,,True,True,https://openalex.org/W1522301498,,False,,skipped,False,False,,skipped,
10.1016/j.chroma.2021.462119,1412.6980,mined,,True,True,False,True,10.1016/j.chroma.2021.462119_bib0062,,True,True,https://openalex.org/W1522301498,,False,,skipped,False,False,,skipped,
10.1109/iros58592.2024.10802538,1706.03762,asserted,publisher,True,True,True,False,ref13,,True,False,,,False,,skipped,False,False,,skipped,
10.1016/j.jksuci.2023.02.003,1412.6980,mined,,True,True,False,True,10.1016/j.jksuci.2023.02.003_b0150,,True,False,https://openalex.org/W1522301498,,False,,skipped,False,False,,skipped,
10.1109/tcsvt.2023.3307693,1706.03762,asserted,publisher,True,True,True,False,ref39,,True,False,,,False,,skipped,False,False,,skipped,
10.1007/978-3-030-87202-1_23,1412.6980,mined,,True,True,False,True,23_CR13,,False,False,https://openalex.org/W1522301498,citing_not_found,False,,skipped,False,False,,skipped,
10.1109/tcsvt.2022.3144424,1412.6980,mined,,True,True,False,True,ref46,,False,False,https://openalex.org/W1522301498,citing_not_found,False,,skipped,False,False,,skipped,
10.1002/mp.15788,1412.6980,mined,,True,True,False,True,e_1_2_7_53_1,,True,False,https://openalex.org/W1522301498,,False,,skipped,False,False,,skipped,
10.1145/3616855.3635799,1412.6980,mined,,True,True,False,True,e_1_3_2_1_12_1,,True,False,https://openalex.org/W1522301498,,False,,skipped,False,False,,skipped,
10.21203/rs.3.rs-3565337/v1,1409.1556,asserted,publisher,True,True,True,False,ref26,,True,True,https://openalex.org/W1686810756,,False,,skipped,False,False,,skipped,
10.1002/aisy.202200439,1412.6980,mined,,True,True,False,True,e_1_2_11_50_1,,True,False,https://openalex.org/W1522301498,,False,,skipped,False,False,,skipped,
10.1007/978-981-19-7126-6_16,1412.6980,mined,,True,True,False,True,16_CR21,,True,False,https://openalex.org/W1522301498,,False,,skipped,False,False,,skipped,
10.1016/j.media.2021.102147,1412.6980,mined,,True,True,False,True,10.1016/j.media.2021.102147_bib0022,,True,True,https://openalex.org/W1522301498,,False,,skipped,False,False,,skipped,
10.1109/tcsvt.2023.3318366,1706.03762,asserted,publisher,True,True,True,False,ref41,,True,False,,,False,,skipped,False,False,,skipped,
10.1145/3757892.3757906,1412.6980,mined,,True,True,False,True,e_1_2_1_25_1,,False,False,https://openalex.org/W1522301498,citing_not_found,False,,skipped,False,False,,skipped,
10.1109/lgrs.2024.3412824,1706.03762,asserted,publisher,True,True,True,False,ref2,,True,False,,,False,,skipped,False,False,,skipped,
10.1145/3503161.3548295,1412.6980,mined,,True,True,False,True,e_1_3_2_2_12_1,,True,False,https://openalex.org/W1522301498,,False,,skipped,False,False,,skipped,
10.1109/tim.2025.3542877,1706.03762,asserted,publisher,True,True,True,False,ref38,,True,False,,,False,,skipped,False,False,,skipped,
10.3897/biss.7.113057,1706.03762,asserted,publisher,True,True,True,False,113057_B9988082,,False,False,,citing_not_found,False,,skipped,False,False,,skipped,
10.1007/s42452-019-1682-y,1412.6980,mined,,True,True,False,True,1682_CR42,,True,False,https://openalex.org/W1522301498,,False,,skipped,False,False,,skipped,
10.1109/icaace61206.2024.10549562,1706.03762,asserted,publisher,True,True,True,False,ref10,,True,False,,,False,,skipped,False,False,,skipped,
10.2196/63020,1706.03762,asserted,publisher,True,True,True,False,ref33,,True,False,,,False,,skipped,False,False,,skipped,
10.1038/s41598-024-69303-9,1412.6980,mined,,True,True,False,True,69303_CR42,,False,False,https://openalex.org/W1522301498,citing_not_found,False,,skipped,False,False,,skipped,
10.4018/979-8-3373-6097-3.ch008,1706.03762,asserted,publisher,True,True,True,False,979-8-3373-6097-3.ch008.-54,,True,False,,,False,,skipped,False,False,,skipped,
10.1111/coin.12277,1412.6980,mined,,True,True,False,True,e_1_2_7_28_1,,True,True,https://openalex.org/W1522301498,,False,,skipped,False,False,,skipped,
10.1007/978-3-030-59725-2_49,1412.6980,mined,,True,True,False,True,49_CR7,,True,False,https://openalex.org/W1522301498,,False,,skipped,False,False,,skipped,
10.1021/acs.analchem.3c04654,1412.6980,asserted,publisher,True,True,True,False,ref26/cit26,,True,False,https://openalex.org/W1522301498,,False,,skipped,False,False,,skipped,
10.1109/bibm62325.2024.10821739,1706.03762,asserted,publisher,True,True,True,False,ref18,,True,False,,,False,,skipped,False,False,,skipped,
10.1109/icra55743.2025.11128428,1706.03762,asserted,publisher,True,True,True,False,ref40,,True,False,,,False,,skipped,False,False,,skipped,
10.1109/icassp48485.2024.10448386,1706.03762,asserted,publisher,True,True,True,False,ref21,,True,False,,,False,,skipped,False,False,,skipped,
10.1109/wacv61041.2025.00692,1706.03762,asserted,publisher,True,True,True,False,ref24,,True,False,,,False,,skipped,False,False,,skipped,
10.1016/j.neucom.2021.11.028,1412.6980,mined,,True,True,False,True,10.1016/j.neucom.2021.11.028_b0070,,True,False,https://openalex.org/W1522301498,,False,,skipped,False,False,,skipped,
10.1109/tim.2023.3330226,1706.03762,asserted,publisher,True,True,True,False,ref28,,True,False,,,False,,skipped,False,False,,skipped,
10.1109/jetcas.2022.3142051,1412.6980,mined,,True,True,False,True,ref31,,True,True,https://openalex.org/W1522301498,,False,,skipped,False,False,,skipped,
10.1109/cac59555.2023.10449972,1706.03762,asserted,publisher,True,True,True,False,ref14,,True,False,,,False,,skipped,False,False,,skipped,
10.1007/978-3-030-20351-1_61,1412.6980,mined,,True,True,False,True,61_CR10,,True,True,https://openalex.org/W1522301498,,False,,skipped,False,False,,skipped,
10.1101/2023.06.07.544109,1706.03762,asserted,publisher,True,True,True,False,2023061322101812000_2023.06.07.544109v1.32,,True,False,,,False,,skipped,False,False,,skipped,
10.1109/access.2022.3187426,1412.6980,mined,,True,True,False,True,ref60,,True,True,https://openalex.org/W1522301498,,False,,skipped,False,False,,skipped,
10.1145/3539597.3570452,1412.6980,mined,,True,True,False,True,e_1_3_2_2_15_1,,True,False,https://openalex.org/W1522301498,,False,,skipped,False,False,,skipped,
10.1109/tgrs.2025.3567632,1706.03762,asserted,publisher,True,True,True,False,ref34,,False,False,,citing_not_found,False,,skipped,False,False,,skipped,
10.1017/jfm.2021.398,1412.6980,mined,,True,True,False,True,S0022112021003980_ref21,,True,True,https://openalex.org/W1522301498,,False,,skipped,False,False,,skipped,
10.1017/dce.2024.21,1409.1556,asserted,publisher,True,True,True,False,S2632673624000212_r59,,True,False,https://openalex.org/W1686810756,,False,,skipped,False,False,,skipped,
10.1145/3664647.3681540,1412.6980,mined,,True,True,False,True,e_1_3_2_1_13_1,,True,False,https://openalex.org/W1522301498,,False,,skipped,False,False,,skipped,
10.3938/jkps.77.1049,1412.6980,mined,,True,True,False,True,4658_CR22,,True,False,https://openalex.org/W1522301498,,False,,skipped,False,False,,skipped,
10.1007/s11222-024-10408-6,1412.6980,mined,,True,True,False,True,10408_CR27,,True,False,https://openalex.org/W1522301498,,False,,skipped,False,False,,skipped,
10.1007/978-3-030-32523-7_13,1412.6980,mined,,True,True,False,True,13_CR42,,True,False,https://openalex.org/W1522301498,,False,,skipped,False,False,,skipped,
10.1080/10618600.2025.2549110,1412.6980,mined,,True,True,False,True,e_1_3_3_23_1,,True,False,https://openalex.org/W1522301498,,False,,skipped,False,False,,skipped,
10.1109/space65882.2025.11171320,1706.03762,asserted,publisher,True,True,True,False,ref20,,True,False,,,False,,skipped,False,False,,skipped,
10.1175/jtech-d-20-0074.1,1412.6980,mined,,True,True,False,True,2020113010472353900_bib13,,True,True,https://openalex.org/W1522301498,,False,,skipped,False,False,,skipped,
10.1109/tfuzz.2024.3416217,1706.03762,asserted,publisher,True,True,True,False,ref42,,False,False,,citing_not_found,False,,skipped,False,False,,skipped,
10.1080/13873954.2023.2184835,1412.6980,mined,,True,True,False,True,e_1_3_2_24_1,,True,False,https://openalex.org/W1522301498,,False,,skipped,False,False,,skipped,
10.3103/s0147688224700783,1706.03762,asserted,publisher,True,True,True,False,7370_CR3,,True,False,,,False,,skipped,False,False,,skipped,
10.1145/3734527,1412.6980,mined,,True,True,False,True,e_1_2_1_13_1,,True,False,https://openalex.org/W1522301498,,False,,skipped,False,False,,skipped,
10.1007/978-3-031-73411-3_27,1412.6980,mined,,True,True,False,True,27_CR27,,True,False,https://openalex.org/W1522301498,,False,,skipped,False,False,,skipped,
10.1007/s10994-025-06794-1,1412.6980,mined,,True,True,False,True,6794_CR25,,True,False,https://openalex.org/W1522301498,,False,,skipped,False,False,,skipped,
10.29121/shodhkosh.v4.i2.2023.5206,1412.6980,mined,,True,True,False,True,79016,,True,False,https://openalex.org/W1522301498,,False,,skipped,False,False,,skipped,
10.1016/j.micpro.2020.103615,1412.6980,mined,,True,True,False,True,10.1016/j.micpro.2020.103615_bib0066,,True,False,https://openalex.org/W1522301498,,False,,skipped,False,False,,skipped,
10.1109/tgrs.2025.3601583,1706.03762,asserted,publisher,True,True,True,False,ref33,,True,False,,,False,,skipped,False,False,,skipped,
10.5753/latinoware.2024.245719,1412.6980,mined,,True,True,False,True,30,,True,True,https://openalex.org/W1522301498,,False,,skipped,False,False,,skipped,
10.1109/itec63604.2025.11098091,1706.03762,asserted,publisher,True,True,True,False,ref10,,True,False,,,False,,skipped,False,False,,skipped,
10.1145/3573428.3573487,1706.03762,asserted,publisher,True,True,True,False,e_1_3_2_1_2_1,,True,False,,,False,,skipped,False,False,,skipped,
10.1145/3240508.3240548,1412.6980,mined,,True,True,False,True,e_1_3_2_1_14_1,,True,False,https://openalex.org/W1522301498,,False,,skipped,False,False,,skipped,
10.1021/acs.jcim.9b00220,1412.6980,mined,,True,True,False,True,ref49/cit49,,False,False,https://openalex.org/W1522301498,citing_not_found,False,,skipped,False,False,,skipped,
10.1017/dce.2022.17,1412.6980,mined,,True,True,False,True,S263267362200017X_r26,,True,False,https://openalex.org/W1522301498,,False,,skipped,False,False,,skipped,
10.1016/j.neucom.2020.05.092,1412.6980,mined,,True,True,False,True,10.1016/j.neucom.2020.05.092_b0095,,True,False,https://openalex.org/W1522301498,,False,,skipped,False,False,,skipped,
10.1016/j.compchemeng.2019.106575,1412.6980,mined,,True,True,False,True,10.1016/j.compchemeng.2019.106575_bib0020,,True,False,https://openalex.org/W1522301498,,False,,skipped,False,False,,skipped,
10.1175/aies-d-22-0047.1,1412.6980,mined,,True,True,False,True,bib50,,True,False,https://openalex.org/W1522301498,,False,,skipped,False,False,,skipped,
10.1007/978-981-15-8697-2_37,1412.6980,mined,,True,True,False,True,37_CR8,,False,False,https://openalex.org/W1522301498,citing_not_found,False,,skipped,False,False,,skipped,
10.1007/jhep03(2021)052,1412.6980,mined,,True,True,False,True,15011_CR47,,True,False,https://openalex.org/W1522301498,,False,,skipped,False,False,,skipped,
10.1145/3503161.3548281,1412.6980,mined,,True,True,False,True,e_1_3_2_2_27_1,,False,False,https://openalex.org/W1522301498,citing_not_found,False,,skipped,False,False,,skipped,
10.1186/s12911-024-02423-4,1412.6980,asserted,publisher,True,True,True,False,2423_CR46,,True,False,https://openalex.org/W1522301498,,False,,skipped,False,False,,skipped,
10.1007/978-3-031-25891-6_36,1412.6980,mined,,True,True,False,True,36_CR23,,True,False,https://openalex.org/W1522301498,,False,,skipped,False,False,,skipped,
10.1016/j.intmar.2020.07.002,1412.6980,mined,,True,True,False,True,bibr37-j.intmar.2020.07.002,,True,False,https://openalex.org/W1522301498,,False,,skipped,False,False,,skipped,
10.1109/access.2025.3553535,1706.03762,asserted,publisher,True,True,True,False,ref15,,True,False,,,False,,skipped,False,False,,skipped,
10.1109/ichi.2016.71,1412.6980,mined,,True,True,False,True,ref7,,True,False,https://openalex.org/W1522301498,,False,,skipped,False,False,,skipped,
10.1007/978-3-031-43895-0_24,1412.6980,asserted,publisher,True,True,True,False,24_CR10,,True,False,https://openalex.org/W1522301498,,False,,skipped,False,False,,skipped,
10.1007/978-3-030-36204-1_16,1412.6980,mined,,True,True,False,True,16_CR8,,True,True,https://openalex.org/W1522301498,,False,,skipped,False,False,,skipped,
10.1109/globconht56829.2023.10087424,1706.03762,asserted,publisher,True,True,True,False,ref24,,True,False,,,False,,skipped,False,False,,skipped,
10.1186/s12859-024-05874-8,1412.6980,mined,,True,True,False,True,5874_CR27,,True,False,https://openalex.org/W1522301498,,False,,skipped,False,False,,skipped,
10.1109/icde55515.2023.00067,1706.03762,asserted,publisher,True,True,True,False,ref26,,True,False,,,False,,skipped,False,False,,skipped,
10.1109/tii.2024.3392278,1706.03762,asserted,publisher,True,True,True,False,ref20,,True,False,,,False,,skipped,False,False,,skipped,
10.1117/12.2683222,1409.1556,asserted,publisher,True,True,True,False,B4,,True,False,https://openalex.org/W1686810756,,False,,skipped,False,False,,skipped,
10.1016/j.media.2025.103872,1412.6980,mined,,True,True,False,True,10.1016/j.media.2025.103872_bib0037,,True,False,https://openalex.org/W1522301498,,False,,skipped,False,False,,skipped,
10.1016/j.media.2021.101996,1412.6980,mined,,True,True,False,True,10.1016/j.media.2021.101996_bib0024,,True,True,https://openalex.org/W1522301498,,False,,skipped,False,False,,skipped,
10.1007/978-981-15-7670-6_31,1412.6980,mined,,True,True,False,True,31_CR17,,True,False,https://openalex.org/W1522301498,,False,,skipped,False,False,,skipped,
10.1017/9781108924184.014,1412.6980,mined,,True,True,False,True,9781108924184_r138,,False,False,https://openalex.org/W1522301498,citing_not_found,False,,skipped,False,False,,skipped,
10.1038/s41598-020-76928-z,1412.6980,mined,,True,True,False,True,76928_CR48,,True,False,https://openalex.org/W1522301498,,False,,skipped,False,False,,skipped,
10.1007/978-3-030-99736-6_29,1412.6980,mined,,True,True,False,True,29_CR14,,True,False,https://openalex.org/W1522301498,,False,,skipped,False,False,,skipped,
10.1109/iccar64901.2025.11073034,1706.03762,asserted,publisher,True,True,True,False,ref41,,True,False,,,False,,skipped,False,False,,skipped,
10.1109/tim.2024.3522705,1706.03762,asserted,publisher,True,True,True,False,ref15,,True,False,,,False,,skipped,False,False,,skipped,
10.1109/icad65464.2025.11114067,1706.03762,asserted,publisher,True,True,True,False,ref12,,True,False,,,False,,skipped,False,False,,skipped,
10.14778/3510397.3510404,1412.6980,mined,,True,True,False,True,e_1_2_1_23_1,,True,True,https://openalex.org/W1522301498,,False,,skipped,False,False,,skipped,
10.1109/cai59869.2024.00187,1706.03762,asserted,publisher,True,True,True,False,ref36,,True,False,,,False,,skipped,False,False,,skipped,
10.1145/3526063.3535350,1412.6980,mined,,True,True,False,True,e_1_3_2_2_17_1,,True,False,https://openalex.org/W1522301498,,False,,skipped,False,False,,skipped,
10.1145/3445815.3445847,1412.6980,mined,,True,True,False,True,e_1_3_2_1_22_1,,True,False,https://openalex.org/W1522301498,,False,,skipped,False,False,,skipped,
10.1364/boe.558675,1412.6980,asserted,publisher,True,True,True,False,boe-16-4-1528-R52,,True,False,https://openalex.org/W1522301498,,False,,skipped,False,False,,skipped,
10.1007/s10707-020-00422-x,1412.6980,mined,,True,True,False,True,422_CR8,,True,True,https://openalex.org/W1522301498,,False,,skipped,False,False,,skipped,
10.1016/j.patrec.2020.12.009,1412.6980,mined,,True,True,False,True,10.1016/j.patrec.2020.12.009_bib0041,,True,False,https://openalex.org/W1522301498,,False,,skipped,False,False,,skipped,
10.1109/tccn.2024.3511960,1706.03762,asserted,publisher,True,True,True,False,ref36,,True,False,,,False,,skipped,False,False,,skipped,
10.1140/epjc/s10052-025-14502-5,1412.6980,mined,,True,True,False,True,14502_CR128,,True,False,https://openalex.org/W1522301498,,False,,skipped,False,False,,skipped,
10.1109/itc-cscc66376.2025.11137588,1706.03762,asserted,publisher,True,True,True,False,ref18,,True,False,,,False,,skipped,False,False,,skipped,
10.1145/3664647.3681336,1412.6980,mined,,True,True,False,True,e_1_3_2_1_30_1,,True,False,https://openalex.org/W1522301498,,False,,skipped,False,False,,skipped,
10.1007/978-3-031-16452-1_24,1412.6980,mined,,True,True,False,True,24_CR18,,True,False,https://openalex.org/W1522301498,,False,,skipped,False,False,,skipped,
10.1109/bigdata62323.2024.10825632,1706.03762,asserted,publisher,True,True,True,False,ref62,,True,False,,,False,,skipped,False,False,,skipped,
10.1145/3503161.3548418,1412.6980,mined,,True,True,False,True,e_1_3_2_1_50_1,,True,False,https://openalex.org/W1522301498,,False,,skipped,False,False,,skipped,
10.1029/2024gl114375,1412.6980,mined,,True,True,False,True,e_1_2_7_1_21_1,,True,True,https://openalex.org/W1522301498,,False,,skipped,False,False,,skipped,
10.1007/s10489-020-01869-z,1412.6980,mined,,True,True,False,True,1869_CR22,,True,True,https://openalex.org/W1522301498,,False,,skipped,False,False,,skipped,
10.1109/tkde.2025.3525587,1706.03762,asserted,publisher,True,True,True,False,ref35,,True,False,,,False,,skipped,False,False,,skipped,
10.1038/s41467-024-45846-3,1412.6980,mined,,True,True,False,True,45846_CR34,,True,False,https://openalex.org/W1522301498,,False,,skipped,False,False,,skipped,
10.1109/tgrs.2025.3564039,1706.03762,asserted,publisher,True,True,True,False,ref22,,True,False,,,False,,skipped,False,False,,skipped,
10.1109/taslp.2024.3492799,1706.03762,asserted,publisher,True,True,True,False,ref56,,True,False,,,False,,skipped,False,False,,skipped,
10.1109/access.2024.3454525,1706.03762,asserted,publisher,True,True,True,False,ref42,,True,False,,,False,,skipped,False,False,,skipped,
10.1029/2019wr024833,1412.6980,mined,,True,True,False,True,e_1_2_12_26_1,,True,True,https://openalex.org/W1522301498,,False,,skipped,False,False,,skipped,
10.1109/tim.2025.3552871,1706.03762,asserted,publisher,True,True,True,False,ref42,,True,False,,,False,,skipped,False,False,,skipped,
10.1109/tgrs.2023.3327045,1412.6980,mined,,True,True,False,True,ref66,,True,True,https://openalex.org/W1522301498,,False,,skipped,False,False,,skipped,
10.1007/s00521-022-07394-z,1412.6980,mined,,True,True,False,True,7394_CR16,,True,False,https://openalex.org/W1522301498,,False,,skipped,False,False,,skipped,
10.1101/2025.06.03.25328882,1706.03762,asserted,publisher,True,True,True,False,2025060516400813000_2025.06.03.25328882v1.14,,True,False,,,False,,skipped,False,False,,skipped,
10.1109/icnc59488.2023.10462792,1706.03762,asserted,publisher,True,True,True,False,ref21,,True,False,,,False,,skipped,False,False,,skipped,
10.1016/j.isprsjprs.2021.03.002,1412.6980,mined,,True,True,False,True,10.1016/j.isprsjprs.2021.03.002_b0050,,True,False,https://openalex.org/W1522301498,,False,,skipped,False,False,,skipped,
10.1007/978-3-031-91578-9_1,1412.6980,mined,,True,True,False,True,1_CR52,,True,False,https://openalex.org/W1522301498,,False,,skipped,False,False,,skipped,
10.1109/icmla61862.2024.00085,1706.03762,asserted,publisher,True,True,True,False,ref5,,True,False,,,False,,skipped,False,False,,skipped,
10.1109/lra.2025.3617727,1706.03762,asserted,publisher,True,True,True,False,ref12,,True,False,,,False,,skipped,False,False,,skipped,
10.1109/itnt60778.2024.10582292,1706.03762,asserted,publisher,True,True,True,False,ref19,,True,False,,,False,,skipped,False,False,,skipped,
10.1109/esai62891.2024.10913902,1706.03762,asserted,publisher,True,True,True,False,ref2,,True,False,,,False,,skipped,False,False,,skipped,
10.1109/iscas58744.2024.10558116,1706.03762,asserted,publisher,True,True,True,False,ref7,,True,False,,,False,,skipped,False,False,,skipped,
10.1007/978-3-031-77789-9_18,1412.6980,mined,,True,True,False,True,18_CR15,,True,False,https://openalex.org/W1522301498,,False,,skipped,False,False,,skipped,
10.1016/j.neucom.2022.12.026,1412.6980,mined,,True,True,False,True,10.1016/j.neucom.2022.12.026_b0160,,True,False,https://openalex.org/W1522301498,,False,,skipped,False,False,,skipped,
10.1145/3404835.3463105,1412.6980,mined,,True,True,False,True,e_1_3_2_2_11_1,,True,False,https://openalex.org/W1522301498,,False,,skipped,False,False,,skipped,
10.1109/tvt.2023.3280910,1706.03762,asserted,publisher,True,True,True,False,ref41,,True,False,,,False,,skipped,False,False,,skipped,
10.1364/oe.493185,1412.6980,asserted,publisher,True,True,True,False,oe-31-14-23229-R25,,True,False,https://openalex.org/W1522301498,,False,,skipped,False,False,,skipped,
10.1007/978-3-030-26061-3_54,1412.6980,mined,,True,True,False,True,54_CR6,,True,False,https://openalex.org/W1522301498,,False,,skipped,False,False,,skipped,
10.1186/s13059-023-03049-x,1412.6980,mined,,True,True,False,True,3049_CR77,,True,False,https://openalex.org/W1522301498,,False,,skipped,False,False,,skipped,
10.1038/s41598-025-94183-y,1412.6980,mined,,True,True,False,True,94183_CR33,,True,False,https://openalex.org/W1522301498,,False,,skipped,False,False,,skipped,
10.23919/fusion59988.2024.10706351,1706.03762,asserted,publisher,True,True,True,False,ref25,,True,False,,,False,,skipped,False,False,,skipped,
10.1002/jbio.202100151,1412.6980,mined,,True,True,False,True,e_1_2_10_44_1,,True,False,https://openalex.org/W1522301498,,False,,skipped,False,False,,skipped,
10.1109/epeps61853.2024.10753998,1706.03762,asserted,publisher,True,True,True,False,ref5,,True,False,,,False,,skipped,False,False,,skipped,
10.1145/3574130,1412.6980,mined,,True,True,False,True,e_1_3_1_28_1,,False,False,https://openalex.org/W1522301498,citing_not_found,False,,skipped,False,False,,skipped,
10.1007/s10846-023-01963-7,1412.6980,mined,,True,True,False,True,1963_CR31,,True,False,https://openalex.org/W1522301498,,False,,skipped,False,False,,skipped,
10.1007/978-981-13-8950-4_25,1412.6980,mined,,True,True,False,True,25_CR31,,True,False,https://openalex.org/W1522301498,,False,,skipped,False,False,,skipped,
10.1007/s10845-024-02504-1,1706.03762,asserted,publisher,True,True,True,False,2504_CR57,,True,False,,,False,,skipped,False,False,,skipped,
10.1109/tim.2025.3553260,1706.03762,asserted,publisher,True,True,True,False,ref6,,True,False,,,False,,skipped,False,False,,skipped,
10.1109/citrexcompanion65208.2025.10981494,1706.03762,asserted,publisher,True,True,True,False,ref33,,True,False,,,False,,skipped,False,False,,skipped,
10.1785/0220250171,1412.6980,asserted,publisher,True,True,True,False,2025100807584508600_rf18,,True,False,https://openalex.org/W1522301498,,False,,skipped,False,False,,skipped,
10.1007/s40042-020-00013-x,1412.6980,mined,,True,True,False,True,13_CR23,,True,False,https://openalex.org/W1522301498,,False,,skipped,False,False,,skipped,
10.2208/jscejer.78.6_ii_141,1412.6980,mined,,True,True,False,True,15,,True,False,https://openalex.org/W1522301498,,False,,skipped,False,False,,skipped,
10.1190/geo2018-0838.1,1412.6980,mined,,True,True,False,False,,,True,False,https://openalex.org/W1522301498,,False,,skipped,False,False,,skipped,
10.1109/access.2024.3450544,1706.03762,asserted,publisher,True,True,True,False,ref39,,False,False,,citing_not_found,False,,skipped,False,False,,skipped,
10.1007/978-3-030-52791-4_23,1412.6980,mined,,True,True,False,True,23_CR5,,True,False,https://openalex.org/W1522301498,,False,,skipped,False,False,,skipped,
10.1016/j.jhydrol.2021.126353,1412.6980,mined,,True,True,False,True,10.1016/j.jhydrol.2021.126353_b0105,,True,False,https://openalex.org/W1522301498,,False,,skipped,False,False,,skipped,
10.1109/tgrs.2023.3330478,1706.03762,asserted,publisher,True,True,True,False,ref38,,False,False,,citing_not_found,False,,skipped,False,False,,skipped,
10.1109/access.2025.3584645,1412.6980,mined,,True,True,False,True,ref61,,True,False,https://openalex.org/W1522301498,,False,,skipped,False,False,,skipped,
10.1007/978-3-031-72335-3_21,1412.6980,mined,,True,True,False,True,21_CR15,,True,False,https://openalex.org/W1522301498,,False,,skipped,False,False,,skipped,
10.1145/3485447.3512119,1412.6980,mined,,True,True,False,True,e_1_3_2_1_19_1,,True,False,https://openalex.org/W1522301498,,False,,skipped,False,False,,skipped,
10.1109/ijcnn64981.2025.11229196,1706.03762,asserted,publisher,True,True,True,False,ref18,,True,False,,,False,,skipped,False,False,,skipped,
10.1145/3571662.3571673,1412.6980,mined,,True,True,False,True,e_1_3_2_1_36_1,,True,False,https://openalex.org/W1522301498,,False,,skipped,False,False,,skipped,
10.1109/tgrs.2025.3541441,1706.03762,asserted,publisher,True,True,True,False,ref26,,True,False,,,False,,skipped,False,False,,skipped,
10.1145/3734947.3734952,1412.6980,asserted,publisher,True,True,True,False,e_1_3_3_2_13_2,,True,False,https://openalex.org/W1522301498,,False,,skipped,False,False,,skipped,
10.1109/eeiss65394.2025.11086014,1706.03762,asserted,publisher,True,True,True,False,ref8,,True,False,,,False,,skipped,False,False,,skipped,
10.1109/taslpro.2025.3546851,1706.03762,asserted,publisher,True,True,True,False,ref40,,True,False,,,False,,skipped,False,False,,skipped,
10.1029/2023ea003444,1412.6980,asserted,publisher,True,True,True,False,e_1_2_10_19_1,,True,False,https://openalex.org/W1522301498,,False,,skipped,False,False,,skipped,
10.1109/tip.2022.3197972,1412.6980,mined,,True,True,False,True,ref80,,True,True,https://openalex.org/W1522301498,,False,,skipped,False,False,,skipped,
10.1007/s11425-023-2364-2,1412.6980,mined,,True,True,False,True,2364_CR52,,True,False,https://openalex.org/W1522301498,,False,,skipped,False,False,,skipped,
10.1364/josaa.561906,1412.6980,asserted,publisher,True,True,True,False,josaa-42-6-699-R32,,True,False,https://openalex.org/W1522301498,,False,,skipped,False,False,,skipped,
10.1038/s41467-024-45430-9,1412.6980,mined,,True,True,False,True,45430_CR76,,True,False,https://openalex.org/W1522301498,,False,,skipped,False,False,,skipped,
10.1007/s00371-025-04078-2,1412.6980,mined,,True,True,False,True,4078_CR54,,True,False,https://openalex.org/W1522301498,,False,,skipped,False,False,,skipped,
10.1007/978-3-031-62700-2_14,1706.03762,asserted,publisher,True,True,True,False,14_CR16,,True,False,,,False,,skipped,False,False,,skipped,
10.1109/iwcmc58020.2023.10182494,1412.6980,mined,,True,True,False,True,ref19,,True,True,https://openalex.org/W1522301498,,False,,skipped,False,False,,skipped,
10.1007/978-3-030-11012-3_29,1412.6980,mined,,True,True,False,True,29_CR18,,False,False,https://openalex.org/W1522301498,citing_not_found,False,,skipped,False,False,,skipped,
10.1007/s11227-025-07134-9,1412.6980,mined,,True,True,False,True,7134_CR38,,True,False,https://openalex.org/W1522301498,,False,,skipped,False,False,,skipped,
10.1109/access.2024.3490186,1706.03762,asserted,publisher,True,True,True,False,ref36,,True,False,,,False,,skipped,False,False,,skipped,
10.1109/tce.2024.3425478,1706.03762,asserted,publisher,True,True,True,False,ref53,,True,False,,,False,,skipped,False,False,,skipped,
10.1145/3233547.3233566,1412.6980,mined,,True,True,False,True,e_1_3_2_1_24_1,,True,False,https://openalex.org/W1522301498,,False,,skipped,False,False,,skipped,
10.22389/0016-7126-2024-1008-6-31-42,1412.6980,asserted,publisher,True,True,True,False,ref5,,True,False,https://openalex.org/W1522301498,,False,,skipped,False,False,,skipped,
10.1016/j.ifacol.2025.10.101,1412.6980,mined,,True,True,False,True,10.1016/j.ifacol.2025.10.101_bib7,,True,False,https://openalex.org/W1522301498,,False,,skipped,False,False,,skipped,
10.1109/cluster59342.2025.11186461,1706.03762,asserted,publisher,True,True,True,False,ref33,,True,False,,,False,,skipped,False,False,,skipped,
10.1039/d3ea00126a,1412.6980,asserted,publisher,True,True,True,False,D3EA00126A/cit14/1,,True,False,https://openalex.org/W1522301498,,False,,skipped,False,False,,skipped,
10.1049/dgt2.12014,1412.6980,mined,,True,True,False,True,e_1_2_11_34_1,,True,False,https://openalex.org/W1522301498,,False,,skipped,False,False,,skipped,
10.1109/bigdata62323.2024.10826108,1706.03762,asserted,publisher,True,True,True,False,ref16,,True,False,,,False,,skipped,False,False,,skipped,
10.1186/s13244-021-01052-z,1412.6980,mined,,True,True,False,True,1052_CR4,,True,False,https://openalex.org/W1522301498,,False,,skipped,False,False,,skipped,
10.1364/oe.575594,1412.6980,asserted,publisher,True,True,True,False,oe-33-23-49721-R25,,True,False,https://openalex.org/W1522301498,,False,,skipped,False,False,,skipped,
10.1007/978-3-031-34671-2_10,1412.6980,mined,,True,True,False,True,10_CR10,,True,False,https://openalex.org/W1522301498,,False,,skipped,False,False,,skipped,
10.1177/13694332231205061,1412.6980,mined,,True,True,False,True,bibr15-13694332231205061,,True,False,https://openalex.org/W1522301498,,False,,skipped,False,False,,skipped,
10.1007/978-3-030-16148-4_31,1412.6980,mined,,True,True,False,True,31_CR11,,True,False,https://openalex.org/W1522301498,,False,,skipped,False,False,,skipped,
10.1007/978-3-030-77143-0_8,1412.6980,mined,,True,True,False,True,8_CR24,,True,False,https://openalex.org/W1522301498,,False,,skipped,False,False,,skipped,
10.1002/cend.202400053,1412.6980,mined,,True,True,False,True,e_1_2_9_34_1,,True,False,https://openalex.org/W1522301498,,False,,skipped,False,False,,skipped,
10.1109/most60774.2024.00009,1706.03762,asserted,publisher,True,True,True,False,ref50,,True,False,,,False,,skipped,False,False,,skipped,
10.1140/epjc/s10052-023-11838-8,1412.6980,mined,,True,True,False,True,11838_CR28,,True,False,https://openalex.org/W1522301498,,False,,skipped,False,False,,skipped,
10.1109/cme55444.2022.10063288,1706.03762,asserted,publisher,True,True,True,False,ref11,,True,False,,,False,,skipped,False,False,,skipped,
10.1109/tits.2025.3556852,1706.03762,asserted,publisher,True,True,True,False,ref47,,True,False,,,False,,skipped,False,False,,skipped,
10.1109/icip51287.2024.10648250,1706.03762,asserted,publisher,True,True,True,False,ref23,,True,False,,,False,,skipped,False,False,,skipped,
10.1007/978-3-031-48803-0_5,1412.6980,mined,,True,True,False,True,5_CR30,,True,False,https://openalex.org/W1522301498,,False,,skipped,False,False,,skipped,
10.1109/tmech.2024.3400789,1706.03762,asserted,publisher,True,True,True,False,ref28,,True,False,,,False,,skipped,False,False,,skipped,
10.1145/3653714,1412.6980,mined,,True,True,False,True,e_1_3_2_70_2,,True,False,https://openalex.org/W1522301498,,False,,skipped,False,False,,skipped,
10.1007/s10462-024-10808-0,1706.03762,asserted,publisher,True,True,True,False,10808_CR112,,True,False,,,False,,skipped,False,False,,skipped,
10.1007/s11263-021-01560-x,1412.6980,mined,,True,True,False,True,1560_CR20,,True,False,https://openalex.org/W1522301498,,False,,skipped,False,False,,skipped,
10.1088/2631-8695/adac2f,1409.1556,asserted,publisher,True,True,True,False,erxadac2fbib5,,True,False,https://openalex.org/W1686810756,,False,,skipped,False,False,,skipped,
10.1049/ipr2.12553,1412.6980,mined,,True,True,False,True,e_1_2_9_21_1,,True,True,https://openalex.org/W1522301498,,False,,skipped,False,False,,skipped,
10.1109/jiot.2025.3593829,1706.03762,asserted,publisher,True,True,True,False,ref14,,True,False,,,False,,skipped,False,False,,skipped,
10.1145/3605573.3605613,1412.6980,mined,,True,True,False,True,e_1_3_2_1_18_1,,False,False,https://openalex.org/W1522301498,citing_not_found,False,,skipped,False,False,,skipped,
10.1109/tsc.2024.3422828,1706.03762,asserted,publisher,True,True,True,False,ref58,,True,False,,,False,,skipped,False,False,,skipped,
10.1109/icassp48485.2024.10446923,1706.03762,asserted,publisher,True,True,True,False,ref14,,True,False,,,False,,skipped,False,False,,skipped,
10.1007/978-1-0716-4494-2_12,1412.6980,asserted,publisher,True,True,True,False,12_CR79,,True,False,https://openalex.org/W1522301498,,False,,skipped,False,False,,skipped,
10.1109/access.2025.3590252,1706.03762,asserted,publisher,True,True,True,False,ref26,,True,False,,,False,,skipped,False,False,,skipped,
10.1109/tcsvt.2023.3323015,1412.6980,mined,,True,True,False,True,ref44,,True,True,https://openalex.org/W1522301498,,False,,skipped,False,False,,skipped,
10.1109/access.2025.3535782,1706.03762,asserted,publisher,True,True,True,False,ref90,,True,False,,,False,,skipped,False,False,,skipped,
10.1016/j.cscm.2024.e03331,1412.6980,mined,,True,True,False,True,10.1016/j.cscm.2024.e03331_bib49,,True,False,https://openalex.org/W1522301498,,False,,skipped,False,False,,skipped,
10.1109/tmtt.2025.3596862,1706.03762,asserted,publisher,True,True,True,False,ref19,,True,False,,,False,,skipped,False,False,,skipped,
10.1109/cvpr52729.2023.01721,1706.03762,asserted,publisher,True,True,True,False,ref24,,False,False,,citing_not_found,False,,skipped,False,False,,skipped,
10.1007/s00428-025-04355-4,1412.6980,mined,,True,True,False,True,4355_CR33,,True,False,https://openalex.org/W1522301498,,False,,skipped,False,False,,skipped,
10.1109/tvt.2024.3506580,1706.03762,asserted,publisher,True,True,True,False,ref42,,True,False,,,False,,skipped,False,False,,skipped,
10.1101/2022.12.15.520566,1412.6980,mined,,True,True,False,True,2022122104151510000_2022.12.15.520566v1.41,,True,False,https://openalex.org/W1522301498,,False,,skipped,False,False,,skipped,
10.1007/s10980-025-02193-y,1412.6980,mined,,True,True,False,True,2193_CR41,,True,False,https://openalex.org/W1522301498,,False,,skipped,False,False,,skipped,
10.1109/icaeee62219.2024.10561853,1409.1556,asserted,publisher,True,True,True,False,ref14,,True,False,https://openalex.org/W1686810756,,False,,skipped,False,False,,skipped,
10.1145/3338533.3366569,1412.6980,mined,,True,True,False,True,e_1_3_2_1_16_1,,True,False,https://openalex.org/W1522301498,,False,,skipped,False,False,,skipped,
10.1111/cogs.13324,1412.6980,mined,,True,True,False,True,e_1_2_8_26_1,,True,False,https://openalex.org/W1522301498,,False,,skipped,False,False,,skipped,
10.1109/tim.2024.3488147,1706.03762,asserted,publisher,True,True,True,False,ref49,,True,False,,,False,,skipped,False,False,,skipped,
10.1145/3357384.3358070,1412.6980,mined,,True,True,False,True,e_1_3_2_1_6_1,,True,False,https://openalex.org/W1522301498,,False,,skipped,False,False,,skipped,
10.1145/3488560.3498412,1412.6980,mined,,True,True,False,True,e_1_3_2_2_19_1,,True,False,https://openalex.org/W1522301498,,False,,skipped,False,False,,skipped,
10.1109/smc54092.2024.10832024,1706.03762,asserted,publisher,True,True,True,False,ref4,,True,False,,,False,,skipped,False,False,,skipped,
10.1109/tgrs.2024.3409624,1412.6980,mined,,True,True,False,True,ref96,,True,True,https://openalex.org/W1522301498,,False,,skipped,False,False,,skipped,
10.21105/joss.08572,1706.03762,asserted,publisher,True,True,True,False,vaswani2017attention,,True,False,,,False,,skipped,False,False,,skipped,
10.1109/access.2024.3365948,1706.03762,asserted,publisher,True,True,True,False,ref30,,True,False,,,False,,skipped,False,False,,skipped,
10.7554/elife.89311.3,1706.03762,asserted,publisher,True,True,True,False,bib83,,True,False,,,False,,skipped,False,False,,skipped,
10.1109/tgrs.2024.3504340,1412.6980,mined,,True,True,False,True,ref65,,True,False,https://openalex.org/W1522301498,,False,,skipped,False,False,,skipped,
10.1186/s12863-025-01358-7,1412.6980,mined,,True,True,False,True,1358_CR23,,True,False,https://openalex.org/W1522301498,,False,,skipped,False,False,,skipped,
10.1007/s41781-024-00125-0,1412.6980,mined,,True,True,False,True,125_CR25,,True,False,https://openalex.org/W1522301498,,False,,skipped,False,False,,skipped,
10.1021/acs.analchem.2c00110,1412.6980,mined,,True,True,False,True,ref42/cit42,,False,False,https://openalex.org/W1522301498,citing_not_found,False,,skipped,False,False,,skipped,
10.1109/lsp.2025.3567249,1706.03762,asserted,publisher,True,True,True,False,ref22,,True,False,,,False,,skipped,False,False,,skipped,
10.1049/rsn2.12501,1412.6980,mined,,True,True,False,True,e_1_2_10_56_1,,True,False,https://openalex.org/W1522301498,,False,,skipped,False,False,,skipped,
10.1109/access.2025.3556894,1706.03762,asserted,publisher,True,True,True,False,ref36,,True,False,,,False,,skipped,False,False,,skipped,
10.1109/access.2024.3434524,1412.6980,mined,,True,True,False,True,ref31,,True,True,https://openalex.org/W1522301498,,False,,skipped,False,False,,skipped,
10.1101/2023.10.08.561429,1412.6980,mined,,True,True,False,True,2023101814300524000_2023.10.08.561429v3.66,,False,False,https://openalex.org/W1522301498,citing_not_found,False,,skipped,False,False,,skipped,
10.1007/s10489-025-06550-x,1706.03762,asserted,publisher,True,True,True,False,6550_CR55,,True,False,,,False,,skipped,False,False,,skipped,
10.1109/access.2025.3601225,1706.03762,asserted,publisher,True,True,True,False,ref28,,True,False,,,False,,skipped,False,False,,skipped,
10.1109/cvprw67362.2025.00551,1706.03762,asserted,publisher,True,True,True,False,ref64,,True,False,,,False,,skipped,False,False,,skipped,
10.1093/mnras/staf852,1412.6980,asserted,publisher,True,True,True,False,2025060912315790300_bib29,,True,False,https://openalex.org/W1522301498,,False,,skipped,False,False,,skipped,
10.1109/tetci.2025.3547856,1706.03762,asserted,publisher,True,True,True,False,ref3,,True,False,,,False,,skipped,False,False,,skipped,
10.1109/cac59555.2023.10451485,1706.03762,asserted,publisher,True,True,True,False,ref15,,True,False,,,False,,skipped,False,False,,skipped,
10.1134/s1064562423701053,1412.6980,mined,,True,True,False,True,9646_CR36,,True,True,https://openalex.org/W1522301498,,False,,skipped,False,False,,skipped,
10.1109/tcsi.2025.3575328,1706.03762,asserted,publisher,True,True,True,False,ref3,,True,False,,,False,,skipped,False,False,,skipped,
10.1002/9781119910695.ch4,1412.6980,mined,,True,True,False,True,e_1_2_1_49_1,,True,False,https://openalex.org/W1522301498,,False,,skipped,False,False,,skipped,
10.1007/978-981-96-1528-5_12,1412.6980,mined,,True,True,False,True,12_CR13,,True,False,https://openalex.org/W1522301498,,False,,skipped,False,False,,skipped,
10.20965/jrm.2019.p0493,1412.6980,mined,,True,True,False,True,key-10.20965/jrm.2019.p0493-21,,False,False,https://openalex.org/W1522301498,citing_not_found,False,,skipped,False,False,,skipped,
10.1016/j.image.2019.04.002,1412.6980,mined,,True,True,False,True,10.1016/j.image.2019.04.002_b33,,True,False,https://openalex.org/W1522301498,,False,,skipped,False,False,,skipped,
10.1109/jas.2025.125495,1706.03762,asserted,publisher,True,True,True,False,ref80,,True,False,,,False,,skipped,False,False,,skipped,
10.1017/9781139879354.003,1412.6980,mined,,True,True,False,True,9781139879354#bib1_r84,,True,False,https://openalex.org/W1522301498,,False,,skipped,False,False,,skipped,
10.1007/978-3-031-59167-9_13,1412.6980,asserted,publisher,True,True,True,False,13_CR12,,True,False,https://openalex.org/W1522301498,,False,,skipped,False,False,,skipped,
10.1109/icra57147.2024.10611073,1706.03762,asserted,publisher,True,True,True,False,ref20,,True,False,,,False,,skipped,False,False,,skipped,
10.1117/12.3034859,1409.1556,asserted,publisher,True,True,True,False,c26,,True,False,https://openalex.org/W1686810756,,False,,skipped,False,False,,skipped,
10.1109/ijcnn60899.2024.10651251,1706.03762,asserted,publisher,True,True,True,False,ref11,,True,False,,,False,,skipped,False,False,,skipped,
10.1145/3429309.3429314,1412.6980,mined,,True,True,False,True,e_1_3_2_1_16_1,,True,False,https://openalex.org/W1522301498,,False,,skipped,False,False,,skipped,
10.1109/iecon51785.2023.10311823,1706.03762,asserted,publisher,True,True,True,False,ref17,,True,False,,,False,,skipped,False,False,,skipped,
10.1109/wi-iat55865.2022.00061,1706.03762,asserted,publisher,True,True,True,False,ref14,,True,False,,,False,,skipped,False,False,,skipped,
10.1007/978-3-030-29894-4_52,1412.6980,mined,,True,True,False,True,52_CR10,,True,False,https://openalex.org/W1522301498,,False,,skipped,False,False,,skipped,
