citing_doi,arxiv_id,source,doi_asserted_by,crossref_found,crossref_has_references,crossref_structured_doi_match,crossref_unstructured_match,crossref_reference_key,crossref_error,openalex_citing_found,openalex_arxiv_in_refs,openalex_arxiv_work_id,openalex_error,datacite_event_found,datacite_total_events,datacite_error,opencitations_citing_found,opencitations_arxiv_in_refs,opencitations_oci,opencitations_error,notes
10.1007/978-981-19-5443-6_21,1412.6980,asserted,,True,True,False,True,21_CR10,,True,False,https://openalex.org/W1522301498,,False,,skipped,False,False,,skipped,
10.1016/j.trc.2018.03.001,1412.6980,asserted,,True,True,False,True,10.1016/j.trc.2018.03.001_b0100,,True,False,https://openalex.org/W1522301498,,False,,skipped,False,False,,skipped,
10.1109/access.2024.3482459,1412.6980,asserted,,True,True,False,True,ref26,,True,False,https://openalex.org/W1522301498,,False,,skipped,False,False,,skipped,
10.1007/s12583-022-1672-7,1412.6980,asserted,,True,True,False,True,1672_CR22,,True,True,https://openalex.org/W1522301498,,False,,skipped,False,False,,skipped,
10.1145/3581783.3612246,1412.6980,asserted,,True,True,False,True,e_1_3_2_1_15_1,,True,False,https://openalex.org/W1522301498,,False,,skipped,False,False,,skipped,
10.3390/e24070965,1412.6980,asserted,,True,True,False,True,ref_44,,True,False,https://openalex.org/W1522301498,,False,,skipped,False,False,,skipped,
10.1214/24-aoas1985,1412.6980,asserted,,True,True,False,True,22,,True,True,https://openalex.org/W1522301498,,False,,skipped,False,False,,skipped,
10.1145/3476828,1412.6980,asserted,,True,True,False,True,e_1_2_2_24_1,,True,False,https://openalex.org/W1522301498,,False,,skipped,False,False,,skipped,
10.1016/j.infrared.2021.103960,1412.6980,asserted,,True,True,False,True,10.1016/j.infrared.2021.103960_b0090,,True,False,https://openalex.org/W1522301498,,False,,skipped,False,False,,skipped,
10.37221/eaef.18.1_11,1412.6980,asserted,,True,True,False,True,9,,True,False,https://openalex.org/W1522301498,,False,,skipped,False,False,,skipped,
10.1016/j.isprsjprs.2024.10.013,1412.6980,asserted,,True,True,False,True,10.1016/j.isprsjprs.2024.10.013_b0150,,True,False,https://openalex.org/W1522301498,,False,,skipped,False,False,,skipped,
10.1029/2023wr035790,1412.6980,asserted,,True,True,False,True,e_1_2_9_47_1,,True,True,https://openalex.org/W1522301498,,False,,skipped,False,False,,skipped,
10.1145/3209978.3210042,1412.6980,asserted,,True,True,False,True,e_1_3_2_1_16_1,,True,False,https://openalex.org/W1522301498,,False,,skipped,False,False,,skipped,
10.1145/3474085.3475584,1412.6980,asserted,,True,True,False,True,e_1_3_2_1_21_1,,True,True,https://openalex.org/W1522301498,,False,,skipped,False,False,,skipped,
10.1007/978-3-031-73411-3_27,1412.6980,asserted,,True,True,False,True,27_CR27,,True,False,https://openalex.org/W1522301498,,False,,skipped,False,False,,skipped,
10.1145/3219819.3220033,1412.6980,asserted,,True,True,False,True,e_1_3_2_1_18_1,,True,False,https://openalex.org/W1522301498,,False,,skipped,False,False,,skipped,
10.1145/3746027.3754783,1412.6980,asserted,,True,True,False,True,e_1_3_2_1_24_1,,True,False,https://openalex.org/W1522301498,,False,,skipped,False,False,,skipped,
10.1007/s00779-020-01516-x,1412.6980,asserted,,True,True,False,True,1516_CR43,,True,True,https://openalex.org/W1522301498,,False,,skipped,False,False,,skipped,
10.1002/hbm.70322,1412.6980,asserted,,True,True,False,True,e_1_2_9_28_1,,True,True,https://openalex.org/W1522301498,,False,,skipped,False,False,,skipped,
10.1007/978-981-97-2266-2_1,1412.6980,asserted,,True,True,False,True,1_CR13,,True,False,https://openalex.org/W1522301498,,False,,skipped,False,False,,skipped,
10.1007/978-981-96-0972-7_3,1412.6980,asserted,,True,True,False,True,3_CR10,,True,False,https://openalex.org/W1522301498,,False,,skipped,False,False,,skipped,
10.1007/978-3-031-45857-6_12,1412.6980,asserted,publisher,True,True,True,False,12_CR15,,True,False,https://openalex.org/W1522301498,,False,,skipped,False,False,,skipped,
10.1002/cpe.6420,1412.6980,asserted,,True,True,False,True,e_1_2_7_37_1,,True,False,https://openalex.org/W1522301498,,False,,skipped,False,False,,skipped,
10.1007/s11042-021-11185-4,1412.6980,asserted,,True,True,False,True,11185_CR71,,True,True,https://openalex.org/W1522301498,,False,,skipped,False,False,,skipped,
10.1016/j.bej.2025.109908,1412.6980,asserted,,True,True,False,True,10.1016/j.bej.2025.109908_bib48,,True,False,https://openalex.org/W1522301498,,False,,skipped,False,False,,skipped,
10.34133/2022/9854084,1412.6980,asserted,,True,True,False,True,e_1_3_5_32_2,,True,True,https://openalex.org/W1522301498,,False,,skipped,False,False,,skipped,
10.1007/978-3-030-58568-6_41,1412.6980,asserted,,True,True,False,True,41_CR12,,True,False,https://openalex.org/W1522301498,,False,,skipped,False,False,,skipped,
10.1109/tgrs.2023.3236624,1412.6980,asserted,,True,True,False,True,ref55,,True,True,https://openalex.org/W1522301498,,False,,skipped,False,False,,skipped,
10.1175/aies-d-23-0043.1,1412.6980,asserted,,True,True,False,True,bib28,,True,False,https://openalex.org/W1522301498,,False,,skipped,False,False,,skipped,
10.1145/3501247.3531580,1412.6980,asserted,,True,True,False,True,e_1_3_2_2_26_1,,True,False,https://openalex.org/W1522301498,,False,,skipped,False,False,,skipped,
10.5194/essd-13-889-2021,1412.6980,asserted,,True,True,False,True,ref28,,True,False,https://openalex.org/W1522301498,,False,,skipped,False,False,,skipped,
10.1007/s41060-024-00546-5,1412.6980,asserted,,True,True,False,True,546_CR20,,True,False,https://openalex.org/W1522301498,,False,,skipped,False,False,,skipped,
10.26634/jmat.12.1.19398,1412.6980,asserted,publisher,True,True,True,False,ref11,,True,False,https://openalex.org/W1522301498,,False,,skipped,False,False,,skipped,
10.1038/s41467-022-35149-w,1412.6980,asserted,,True,True,False,True,35149_CR58,,True,False,https://openalex.org/W1522301498,,False,,skipped,False,False,,skipped,
10.1016/j.ssci.2021.105276,1412.6980,asserted,,True,True,False,True,10.1016/j.ssci.2021.105276_b0215,,True,False,https://openalex.org/W1522301498,,False,,skipped,False,False,,skipped,
10.1007/s12145-022-00922-4,1412.6980,asserted,,True,True,False,True,922_CR26,,True,False,https://openalex.org/W1522301498,,False,,skipped,False,False,,skipped,
10.1126/sciimmunol.ade7953,1412.6980,asserted,,True,True,False,True,e_1_3_3_78_2,,True,False,https://openalex.org/W1522301498,,False,,skipped,False,False,,skipped,
10.1145/3587819.3590972,1412.6980,asserted,,True,True,False,True,e_1_3_2_1_32_1,,True,False,https://openalex.org/W1522301498,,False,,skipped,False,False,,skipped,
10.1016/j.engfailanal.2020.104906,1412.6980,asserted,,True,True,False,True,10.1016/j.engfailanal.2020.104906_b0125,,True,False,https://openalex.org/W1522301498,,False,,skipped,False,False,,skipped,
10.1016/j.oceaneng.2024.120263,1412.6980,asserted,,True,True,False,True,10.1016/j.oceaneng.2024.120263_bib16,,True,False,https://openalex.org/W1522301498,,False,,skipped,False,False,,skipped,
10.1121/10.0005888,1412.6980,asserted,,True,True,False,True,2023071703475125500_c43,,True,False,https://openalex.org/W1522301498,,False,,skipped,False,False,,skipped,
10.1145/3758096,1412.6980,asserted,,True,True,False,True,e_1_3_2_58_2,,True,False,https://openalex.org/W1522301498,,False,,skipped,False,False,,skipped,
10.1007/978-3-031-25755-1_13,1412.6980,asserted,,True,True,False,True,13_CR29,,True,False,https://openalex.org/W1522301498,,False,,skipped,False,False,,skipped,
10.1190/segam2019-3215277.1,1412.6980,asserted,,True,True,False,True,R4,,True,True,https://openalex.org/W1522301498,,False,,skipped,False,False,,skipped,
10.5515/kjkiees.2023.34.12.927,1412.6980,asserted,,True,True,False,True,key2.0240123071107e+13_B12,,True,False,https://openalex.org/W1522301498,,False,,skipped,False,False,,skipped,
10.3103/s0027134923070159,1412.6980,asserted,publisher,True,True,True,False,8476_CR28,,True,False,https://openalex.org/W1522301498,,False,,skipped,False,False,,skipped,
10.1016/j.csl.2021.101204,1412.6980,asserted,,True,True,False,True,10.1016/j.csl.2021.101204_bib0040,,True,True,https://openalex.org/W1522301498,,False,,skipped,False,False,,skipped,
10.1007/978-3-030-58529-7_34,1412.6980,asserted,,True,True,False,True,34_CR20,,True,True,https://openalex.org/W1522301498,,False,,skipped,False,False,,skipped,
10.1038/s41598-021-01227-0,1412.6980,asserted,,True,True,False,True,1227_CR29,,True,False,https://openalex.org/W1522301498,,False,,skipped,False,False,,skipped,
10.1145/3411763.3451657,1412.6980,asserted,,True,True,False,True,e_1_3_2_2_17_1,,True,True,https://openalex.org/W1522301498,,False,,skipped,False,False,,skipped,
10.53759/7669/jmc202404075,1412.6980,asserted,,True,True,False,True,ref34,,True,False,https://openalex.org/W1522301498,,False,,skipped,False,False,,skipped,
10.1101/2023.11.22.566213,1412.6980,asserted,publisher,True,True,True,False,2023112500100521000_2023.11.22.566213v1.56,,True,False,https://openalex.org/W1522301498,,False,,skipped,False,False,,skipped,
10.1177/21925682241299332,1412.6980,asserted,,True,True,False,True,e_1_3_7_14_2,,True,False,https://openalex.org/W1522301498,,False,,skipped,False,False,,skipped,
10.1109/tits.2022.3183073,1412.6980,asserted,,True,True,False,True,ref37,,True,True,https://openalex.org/W1522301498,,False,,skipped,False,False,,skipped,
10.1186/s42490-019-0026-8,1412.6980,asserted,,True,True,False,True,26_CR30,,True,False,https://openalex.org/W1522301498,,False,,skipped,False,False,,skipped,
10.1145/3488560.3498461,1412.6980,asserted,,True,True,False,True,e_1_3_2_2_19_1,,True,False,https://openalex.org/W1522301498,,False,,skipped,False,False,,skipped,
10.1016/j.jksuci.2023.101651,1412.6980,asserted,,True,True,False,True,10.1016/j.jksuci.2023.101651_b0180,,True,False,https://openalex.org/W1522301498,,False,,skipped,False,False,,skipped,
10.1016/j.patrec.2021.06.019,1412.6980,asserted,,True,True,False,True,10.1016/j.patrec.2021.06.019_bib0027,,True,False,https://openalex.org/W1522301498,,False,,skipped,False,False,,skipped,
10.3389/fnbot.2023.1148892,1412.6980,asserted,publisher,True,True,True,False,B15,,True,False,https://openalex.org/W1522301498,,False,,skipped,False,False,,skipped,
10.1121/1.5039750,1412.6980,asserted,,True,True,False,True,2023073120081686200_c19,,True,False,https://openalex.org/W1522301498,,False,,skipped,False,False,,skipped,
10.1145/3503161.3551587,1412.6980,asserted,,True,True,False,True,e_1_3_2_2_14_1,,True,False,https://openalex.org/W1522301498,,False,,skipped,False,False,,skipped,
10.1145/3679012,1412.6980,asserted,publisher,True,True,True,False,e_1_3_4_73_2,,True,False,https://openalex.org/W1522301498,,False,,skipped,False,False,,skipped,
10.1016/j.compbiomed.2023.106932,1412.6980,asserted,,True,True,False,True,10.1016/j.compbiomed.2023.106932_bib54,,True,True,https://openalex.org/W1522301498,,False,,skipped,False,False,,skipped,
10.1007/s11263-020-01299-x,1412.6980,asserted,,True,True,False,True,1299_CR15,,True,False,https://openalex.org/W1522301498,,False,,skipped,False,False,,skipped,
10.1016/j.watres.2022.119478,1412.6980,asserted,,True,True,False,True,10.1016/j.watres.2022.119478_bib0025,,True,False,https://openalex.org/W1522301498,,False,,skipped,False,False,,skipped,
10.1145/3606038.3616173,1412.6980,asserted,,True,True,False,True,e_1_3_2_1_14_1,,True,True,https://openalex.org/W1522301498,,False,,skipped,False,False,,skipped,
10.1145/3746252.3761364,1412.6980,asserted,,True,True,False,True,e_1_3_2_2_17_1,,True,False,https://openalex.org/W1522301498,,False,,skipped,False,False,,skipped,
10.1186/s13634-022-00913-z,1412.6980,asserted,,True,True,False,True,913_CR39,,True,False,https://openalex.org/W1522301498,,False,,skipped,False,False,,skipped,
10.1140/epjc/s10052-025-14256-0,1412.6980,asserted,,True,True,False,True,14256_CR96,,True,False,https://openalex.org/W1522301498,,False,,skipped,False,False,,skipped,
10.1145/3209978.3210028,1412.6980,asserted,,True,True,False,True,e_1_3_2_1_18_1,,True,False,https://openalex.org/W1522301498,,False,,skipped,False,False,,skipped,
10.1007/978-3-031-44260-5_4,1412.6980,asserted,publisher,True,True,True,False,4_CR9,,True,False,https://openalex.org/W1522301498,,False,,skipped,False,False,,skipped,
10.1145/3581783.3613847,1412.6980,asserted,,True,True,False,True,e_1_3_2_2_25_1,,True,False,https://openalex.org/W1522301498,,False,,skipped,False,False,,skipped,
10.1007/s11517-019-02066-y,1412.6980,asserted,,True,True,False,True,2066_CR29,,True,False,https://openalex.org/W1522301498,,False,,skipped,False,False,,skipped,
10.1007/s10270-020-00856-9,1412.6980,asserted,,True,True,False,True,856_CR18,,True,False,https://openalex.org/W1522301498,,False,,skipped,False,False,,skipped,
10.1109/tgrs.2024.3382545,1412.6980,asserted,,True,True,False,True,ref38,,True,True,https://openalex.org/W1522301498,,False,,skipped,False,False,,skipped,
10.1038/s42256-025-01083-x,1412.6980,asserted,,True,True,False,True,1083_CR41,,True,False,https://openalex.org/W1522301498,,False,,skipped,False,False,,skipped,
10.1007/s13042-023-01776-y,1412.6980,asserted,,True,True,False,True,1776_CR46,,True,False,https://openalex.org/W1522301498,,False,,skipped,False,False,,skipped,
10.1109/access.2022.3209671,1412.6980,asserted,,True,True,False,True,ref23,,True,True,https://openalex.org/W1522301498,,False,,skipped,False,False,,skipped,
10.1038/s41598-022-21653-y,1412.6980,asserted,,True,True,False,True,21653_CR46,,True,False,https://openalex.org/W1522301498,,False,,skipped,False,False,,skipped,
10.1101/2020.04.12.20062661,1412.6980,asserted,,True,True,False,True,2020120910351528000_2020.04.12.20062661v2.24,,True,False,https://openalex.org/W1522301498,,False,,skipped,False,False,,skipped,
10.25046/aj060427,1412.6980,asserted,,True,True,False,True,ref22,,True,True,https://openalex.org/W1522301498,,False,,skipped,False,False,,skipped,
10.1039/d3dd00154g,1412.6980,asserted,publisher,True,True,True,False,D3DD00154G/cit42/1,,True,False,https://openalex.org/W1522301498,,False,,skipped,False,False,,skipped,
10.1002/hbm.25782,1412.6980,asserted,,True,True,False,True,e_1_2_10_18_1,,True,False,https://openalex.org/W1522301498,,False,,skipped,False,False,,skipped,
10.1007/978-981-99-8429-9_23,1412.6980,asserted,,True,True,False,True,23_CR11,,True,False,https://openalex.org/W1522301498,,False,,skipped,False,False,,skipped,
10.1007/s12149-024-01945-1,1412.6980,asserted,,True,True,False,True,1945_CR39,,True,False,https://openalex.org/W1522301498,,False,,skipped,False,False,,skipped,
10.1098/rsif.2024.0880,1412.6980,asserted,,True,True,False,True,e_1_3_8_72_2,,True,True,https://openalex.org/W1522301498,,False,,skipped,False,False,,skipped,
10.1007/s11263-025-02481-9,1412.6980,asserted,,True,True,False,True,2481_CR26,,True,False,https://openalex.org/W1522301498,,False,,skipped,False,False,,skipped,
10.1109/tits.2024.3507639,1412.6980,asserted,,True,True,False,True,ref57,,True,True,https://openalex.org/W1522301498,,False,,skipped,False,False,,skipped,
10.1111/mice.13436,1412.6980,asserted,,True,True,False,True,e_1_2_8_34_1,,True,False,https://openalex.org/W1522301498,,False,,skipped,False,False,,skipped,
10.1109/access.2022.3167814,1412.6980,asserted,,True,True,False,True,ref24,,True,True,https://openalex.org/W1522301498,,False,,skipped,False,False,,skipped,
10.1007/978-981-99-0923-0_40,1412.6980,asserted,,True,True,False,True,40_CR18,,True,False,https://openalex.org/W1522301498,,False,,skipped,False,False,,skipped,
10.1029/2023wr035337,1412.6980,asserted,,True,True,False,True,e_1_2_9_49_1,,True,False,https://openalex.org/W1522301498,,False,,skipped,False,False,,skipped,
10.1007/s11042-022-12444-8,1412.6980,asserted,,True,True,False,True,12444_CR20,,True,False,https://openalex.org/W1522301498,,False,,skipped,False,False,,skipped,
10.1109/tsmc.2023.3344883,1412.6980,asserted,,True,True,False,True,ref35,,True,True,https://openalex.org/W1522301498,,False,,skipped,False,False,,skipped,
10.1007/s11431-020-1702-2,1412.6980,asserted,,True,True,False,True,1702_CR45,,True,False,https://openalex.org/W1522301498,,False,,skipped,False,False,,skipped,
10.1007/978-981-99-8435-0_37,1412.6980,asserted,,True,True,False,True,37_CR14,,True,False,https://openalex.org/W1522301498,,False,,skipped,False,False,,skipped,
10.7717/peerj-cs.2409,1412.6980,asserted,publisher,True,True,True,False,10.7717/peerj-cs.2409/ref-30,,True,False,https://openalex.org/W1522301498,,False,,skipped,False,False,,skipped,
10.1016/j.ijsrc.2025.06.002,1412.6980,asserted,,True,True,False,True,10.1016/j.ijsrc.2025.06.002_bib10,,True,True,https://openalex.org/W1522301498,,False,,skipped,False,False,,skipped,
10.1038/s41598-025-94593-y,1412.6980,asserted,,True,True,False,True,94593_CR70,,True,False,https://openalex.org/W1522301498,,False,,skipped,False,False,,skipped,
10.1101/2022.07.31.502227,1412.6980,asserted,,True,True,False,True,2022080400550526000_2022.07.31.502227v1.24,,True,False,https://openalex.org/W1522301498,,False,,skipped,False,False,,skipped,
10.1038/s41598-025-95666-8,1412.6980,asserted,publisher,True,True,True,False,95666_CR83,,True,False,https://openalex.org/W1522301498,,False,,skipped,False,False,,skipped,
10.1109/access.2025.3559764,1412.6980,asserted,,True,True,False,True,ref88,,True,False,https://openalex.org/W1522301498,,False,,skipped,False,False,,skipped,
10.1029/2024wr039470,1412.6980,asserted,,True,True,False,True,e_1_2_9_75_1,,True,True,https://openalex.org/W1522301498,,False,,skipped,False,False,,skipped,
10.33737/jgpps/187996,1412.6980,asserted,,True,True,False,True,ref-1234282,,True,True,https://openalex.org/W1522301498,,False,,skipped,False,False,,skipped,
10.1101/2023.07.25.550466,1412.6980,asserted,,True,True,False,True,2023072711550930000_2023.07.25.550466v1.51,,True,False,https://openalex.org/W1522301498,,False,,skipped,False,False,,skipped,
10.1029/2024ea003735,1412.6980,asserted,,True,True,False,True,e_1_2_11_38_1,,True,False,https://openalex.org/W1522301498,,False,,skipped,False,False,,skipped,
10.1088/1757-899x/1332/1/012039,1412.6980,asserted,publisher,True,True,True,False,MSE_1332_1_012039bib13,,True,False,https://openalex.org/W1522301498,,False,,skipped,False,False,,skipped,
10.1145/3457682.3457756,1412.6980,asserted,,True,True,False,True,e_1_3_2_1_17_1,,True,True,https://openalex.org/W1522301498,,False,,skipped,False,False,,skipped,
10.1007/978-3-030-60450-9_3,1412.6980,asserted,,True,True,False,True,3_CR21,,True,False,https://openalex.org/W1522301498,,False,,skipped,False,False,,skipped,
10.1007/978-3-030-67070-2_6,1412.6980,asserted,,True,True,False,True,6_CR23,,True,False,https://openalex.org/W1522301498,,False,,skipped,False,False,,skipped,
10.1145/3450741.3465245,1412.6980,asserted,,True,True,False,True,e_1_3_2_1_25_1,,True,False,https://openalex.org/W1522301498,,False,,skipped,False,False,,skipped,
10.1109/tifs.2024.3520020,1412.6980,asserted,,True,True,False,True,ref47,,True,False,https://openalex.org/W1522301498,,False,,skipped,False,False,,skipped,
10.1007/978-981-95-3102-8_9,1412.6980,asserted,,True,True,False,True,9_CR7,,True,False,https://openalex.org/W1522301498,,False,,skipped,False,False,,skipped,
10.1101/2022.11.17.516907,1412.6980,asserted,,True,True,False,True,2022112107350733000_2022.11.17.516907v1.19,,True,False,https://openalex.org/W1522301498,,False,,skipped,False,False,,skipped,
10.1007/978-3-319-99978-4_4,1412.6980,asserted,,True,True,False,True,4_CR14,,True,False,https://openalex.org/W1522301498,,False,,skipped,False,False,,skipped,
10.1145/3664647.3681706,1412.6980,asserted,,True,True,False,True,e_1_3_2_1_14_1,,True,False,https://openalex.org/W1522301498,,False,,skipped,False,False,,skipped,
10.1587/transinf.2017edl8225,1412.6980,asserted,,True,True,False,True,4,,True,True,https://openalex.org/W1522301498,,False,,skipped,False,False,,skipped,
10.1007/978-3-030-29135-8_6,1412.6980,asserted,,True,True,False,True,6_CR24,,True,False,https://openalex.org/W1522301498,,False,,skipped,False,False,,skipped,
10.1007/978-3-031-89529-6_2,1412.6980,asserted,,True,True,False,True,2_CR21,,True,False,https://openalex.org/W1522301498,,False,,skipped,False,False,,skipped,
10.1016/j.mlwa.2025.100753,1412.6980,asserted,,True,True,False,True,10.1016/j.mlwa.2025.100753_bib0035,,True,False,https://openalex.org/W1522301498,,False,,skipped,False,False,,skipped,
10.1088/1402-4896/ad55be,1412.6980,asserted,publisher,True,True,True,False,psad55bebib29,,True,False,https://openalex.org/W1522301498,,False,,skipped,False,False,,skipped,
10.1016/j.enbuild.2022.112337,1412.6980,asserted,,True,True,False,True,10.1016/j.enbuild.2022.112337_b0170,,True,False,https://openalex.org/W1522301498,,False,,skipped,False,False,,skipped,
10.1007/s11042-022-11909-0,1412.6980,asserted,,True,True,False,True,11909_CR9,,True,False,https://openalex.org/W1522301498,,False,,skipped,False,False,,skipped,
10.1007/s00371-024-03660-4,1412.6980,asserted,,True,True,False,True,3660_CR30,,True,False,https://openalex.org/W1522301498,,False,,skipped,False,False,,skipped,
10.1007/978-981-97-5581-3_21,1412.6980,asserted,,True,True,False,True,21_CR19,,True,False,https://openalex.org/W1522301498,,False,,skipped,False,False,,skipped,
10.1177/0361198119842820,1412.6980,asserted,,True,True,False,True,bibr20-0361198119842820,,True,False,https://openalex.org/W1522301498,,False,,skipped,False,False,,skipped,
10.1145/3574130,1412.6980,asserted,,True,True,False,True,e_1_3_1_28_1,,True,False,https://openalex.org/W1522301498,,False,,skipped,False,False,,skipped,
10.1007/s10845-020-01635-5,1412.6980,asserted,,True,True,False,True,1635_CR20,,True,True,https://openalex.org/W1522301498,,False,,skipped,False,False,,skipped,
10.1007/978-981-95-0014-7_3,1412.6980,asserted,,True,True,False,True,3_CR31,,True,False,https://openalex.org/W1522301498,,False,,skipped,False,False,,skipped,
10.1007/s00477-023-02565-3,1412.6980,asserted,,True,True,False,True,2565_CR22,,True,False,https://openalex.org/W1522301498,,False,,skipped,False,False,,skipped,
10.1111/mafi.12413,1412.6980,asserted,,True,True,False,True,e_1_2_8_57_1,,True,False,https://openalex.org/W1522301498,,False,,skipped,False,False,,skipped,
10.1016/j.neucom.2020.05.087,1412.6980,asserted,,True,True,False,True,10.1016/j.neucom.2020.05.087_b0250,,True,False,https://openalex.org/W1522301498,,False,,skipped,False,False,,skipped,
10.1145/3453483.3454054,1412.6980,asserted,,True,True,False,True,e_1_3_2_1_29_1,,True,True,https://openalex.org/W1522301498,,False,,skipped,False,False,,skipped,
10.1145/3729385,1412.6980,asserted,,True,True,False,True,e_1_2_1_47_1,,True,False,https://openalex.org/W1522301498,,False,,skipped,False,False,,skipped,
10.1007/978-3-031-73113-6_16,1412.6980,asserted,,True,True,False,True,16_CR27,,True,False,https://openalex.org/W1522301498,,False,,skipped,False,False,,skipped,
10.1016/j.compag.2025.110965,1412.6980,asserted,,True,True,False,True,10.1016/j.compag.2025.110965_b0070,,True,False,https://openalex.org/W1522301498,,False,,skipped,False,False,,skipped,
10.1145/3411501.3419427,1412.6980,asserted,,True,True,False,True,e_1_3_2_2_4_1,,True,False,https://openalex.org/W1522301498,,False,,skipped,False,False,,skipped,
10.1007/978-3-030-11018-5_32,1412.6980,asserted,,True,True,False,True,32_CR47,,True,False,https://openalex.org/W1522301498,,False,,skipped,False,False,,skipped,
10.1007/978-3-030-04221-9_26,1412.6980,asserted,,True,True,False,True,26_CR11,,True,False,https://openalex.org/W1522301498,,False,,skipped,False,False,,skipped,
10.1111/cgf.70249,1412.6980,asserted,,True,True,False,True,e_1_2_8_17_2,,True,False,https://openalex.org/W1522301498,,False,,skipped,False,False,,skipped,
10.1145/3306346.3323036,1412.6980,asserted,,True,True,False,True,e_1_2_2_37_1,,True,False,https://openalex.org/W1522301498,,False,,skipped,False,False,,skipped,
10.1007/978-3-031-02375-0_34,1412.6980,asserted,,True,True,False,True,34_CR10,,True,False,https://openalex.org/W1522301498,,False,,skipped,False,False,,skipped,
10.1021/acs.jctc.8b00975,1412.6980,asserted,,True,True,False,True,ref26/cit26,,True,False,https://openalex.org/W1522301498,,False,,skipped,False,False,,skipped,
10.1093/mnras/staf285,1412.6980,asserted,publisher,True,True,True,False,2025032016224664800_bib25,,True,False,https://openalex.org/W1522301498,,False,,skipped,False,False,,skipped,
10.1016/j.eswa.2023.122003,1412.6980,asserted,,True,True,False,True,10.1016/j.eswa.2023.122003_b0095,,True,False,https://openalex.org/W1522301498,,False,,skipped,False,False,,skipped,
10.1101/2025.01.02.25319930,1412.6980,asserted,,True,True,False,True,2025010618151128000_2025.01.02.25319930v1.8,,True,False,https://openalex.org/W1522301498,,False,,skipped,False,False,,skipped,
10.1038/s41598-022-12845-7,1412.6980,asserted,,True,True,False,True,12845_CR40,,True,False,https://openalex.org/W1522301498,,False,,skipped,False,False,,skipped,
10.1007/s12065-024-00970-3,1412.6980,asserted,,True,True,False,True,970_CR43,,True,False,https://openalex.org/W1522301498,,False,,skipped,False,False,,skipped,
10.1145/3485447.3512251,1412.6980,asserted,,True,True,False,True,e_1_3_2_1_16_1,,True,False,https://openalex.org/W1522301498,,False,,skipped,False,False,,skipped,
10.1007/s43762-022-00049-8,1412.6980,asserted,,True,True,False,True,49_CR35,,True,False,https://openalex.org/W1522301498,,False,,skipped,False,False,,skipped,
10.1145/3490322.3490337,1412.6980,asserted,,True,True,False,True,e_1_3_2_1_17_1,,True,False,https://openalex.org/W1522301498,,False,,skipped,False,False,,skipped,
10.1109/tmrb.2024.3407330,1412.6980,asserted,,True,True,False,True,ref17,,True,True,https://openalex.org/W1522301498,,False,,skipped,False,False,,skipped,
10.1109/tgrs.2024.3388245,1412.6980,asserted,,True,True,False,True,ref55,,True,True,https://openalex.org/W1522301498,,False,,skipped,False,False,,skipped,
10.1007/978-3-030-17795-9_34,1412.6980,asserted,,True,True,False,True,34_CR22,,True,False,https://openalex.org/W1522301498,,False,,skipped,False,False,,skipped,
10.1007/978-981-15-1956-7_9,1412.6980,asserted,,True,True,False,True,9_CR11,,True,False,https://openalex.org/W1522301498,,False,,skipped,False,False,,skipped,
10.1007/978-3-030-64580-9_7,1412.6980,asserted,,True,True,False,True,7_CR17,,True,False,https://openalex.org/W1522301498,,False,,skipped,False,False,,skipped,
10.1186/s12880-021-00710-4,1412.6980,asserted,,True,True,False,True,710_CR20,,True,False,https://openalex.org/W1522301498,,False,,skipped,False,False,,skipped,
10.1080/02626667.2025.2458545,1412.6980,asserted,publisher,True,True,True,False,e_1_3_6_25_1,,True,False,https://openalex.org/W1522301498,,False,,skipped,False,False,,skipped,
10.1007/s00521-023-08754-z,1412.6980,asserted,,True,True,False,True,8754_CR45,,True,False,https://openalex.org/W1522301498,,False,,skipped,False,False,,skipped,
10.1038/s41598-022-08993-5,1412.6980,asserted,,True,True,False,True,8993_CR42,,True,False,https://openalex.org/W1522301498,,False,,skipped,False,False,,skipped,
10.1007/978-3-031-72904-1_15,1412.6980,asserted,,True,True,False,True,15_CR8,,True,False,https://openalex.org/W1522301498,,False,,skipped,False,False,,skipped,
10.1007/s11831-025-10378-6,1412.6980,asserted,,True,True,False,True,10378_CR36,,True,False,https://openalex.org/W1522301498,,False,,skipped,False,False,,skipped,
10.1016/j.neucom.2020.01.025,1412.6980,asserted,,True,True,False,True,10.1016/j.neucom.2020.01.025_bib0041,,True,False,https://openalex.org/W1522301498,,False,,skipped,False,False,,skipped,
10.1016/j.neucom.2023.126425,1412.6980,asserted,,True,True,False,True,10.1016/j.neucom.2023.126425_b0205,,True,False,https://openalex.org/W1522301498,,False,,skipped,False,False,,skipped,
10.1101/2023.01.13.523556,1412.6980,asserted,,True,True,False,True,2023011801265424000_2023.01.13.523556v1.121,,True,False,https://openalex.org/W1522301498,,False,,skipped,False,False,,skipped,
10.1007/s00366-025-02183-3,1412.6980,asserted,publisher,True,True,True,False,2183_CR36,,True,False,https://openalex.org/W1522301498,,False,,skipped,False,False,,skipped,
10.1038/s41551-023-01106-1,1412.6980,asserted,,True,True,False,True,1106_CR127,,True,False,https://openalex.org/W1522301498,,False,,skipped,False,False,,skipped,
10.1007/978-3-030-63076-8_4,1412.6980,asserted,,True,True,False,True,4_CR14,,True,True,https://openalex.org/W1522301498,,False,,skipped,False,False,,skipped,
10.1101/2025.08.06.668903,1412.6980,asserted,,True,True,False,True,2025080903350643000_2025.08.06.668903v1.44,,True,True,https://openalex.org/W1522301498,,False,,skipped,False,False,,skipped,
10.1063/5.0297739,1412.6980,asserted,,True,True,False,True,10.1063/5.0297739_c13,,True,False,https://openalex.org/W1522301498,,False,,skipped,False,False,,skipped,
10.1002/adpr.202300310,1412.6980,asserted,,True,True,False,True,e_1_2_8_37_1,,True,False,https://openalex.org/W1522301498,,False,,skipped,False,False,,skipped,
10.1016/j.bspc.2022.104142,1412.6980,asserted,,True,True,False,True,10.1016/j.bspc.2022.104142_b0170,,True,False,https://openalex.org/W1522301498,,False,,skipped,False,False,,skipped,
10.1038/s41598-022-27125-7,1412.6980,asserted,,True,True,False,True,27125_CR53,,True,False,https://openalex.org/W1522301498,,False,,skipped,False,False,,skipped,
10.2478/ausi-2018-0006,1412.6980,asserted,,True,True,False,True,2023042002505085251_j_ausi-2018-0006_ref_017_w2aab3b7b5b1b6b1ab1ac17Aa,,True,True,https://openalex.org/W1522301498,,False,,skipped,False,False,,skipped,
10.1007/978-3-031-86651-7_12,1412.6980,asserted,,True,True,False,True,12_CR6,,True,False,https://openalex.org/W1522301498,,False,,skipped,False,False,,skipped,
10.1016/j.istruc.2024.108149,1412.6980,asserted,,True,True,False,True,10.1016/j.istruc.2024.108149_bib53,,True,False,https://openalex.org/W1522301498,,False,,skipped,False,False,,skipped,
10.1109/twc.2023.3324916,1412.6980,asserted,,True,True,False,True,ref57,,True,True,https://openalex.org/W1522301498,,False,,skipped,False,False,,skipped,
10.1007/978-981-97-4393-3_28,1412.6980,asserted,,True,True,False,True,28_CR13,,True,False,https://openalex.org/W1522301498,,False,,skipped,False,False,,skipped,
10.1007/s00371-024-03741-4,1412.6980,asserted,,True,True,False,True,3741_CR35,,True,False,https://openalex.org/W1522301498,,False,,skipped,False,False,,skipped,
10.1016/j.eswa.2020.113699,1412.6980,asserted,,True,True,False,True,10.1016/j.eswa.2020.113699_b0140,,True,False,https://openalex.org/W1522301498,,False,,skipped,False,False,,skipped,
10.1007/s00371-024-03346-x,1412.6980,asserted,,True,True,False,True,3346_CR29,,True,False,https://openalex.org/W1522301498,,False,,skipped,False,False,,skipped,
10.1190/segam2020-3427812.1,1412.6980,asserted,,True,True,False,True,R9,,True,False,https://openalex.org/W1522301498,,False,,skipped,False,False,,skipped,
10.3390/math9111267,1412.6980,asserted,,True,True,False,True,ref_24,,True,False,https://openalex.org/W1522301498,,False,,skipped,False,False,,skipped,
10.1021/acs.jctc.3c01045,1412.6980,asserted,publisher,True,True,True,False,ref44/cit44,,True,False,https://openalex.org/W1522301498,,False,,skipped,False,False,,skipped,
10.1101/2023.05.05.23289387,1412.6980,asserted,,True,True,False,True,2023050823550943000_2023.05.05.23289387v1.55,,True,False,https://openalex.org/W1522301498,,False,,skipped,False,False,,skipped,
10.1007/s11042-023-14791-6,1412.6980,asserted,publisher,True,True,True,False,14791_CR4,,True,False,https://openalex.org/W1522301498,,False,,skipped,False,False,,skipped,
10.1109/access.2025.3625649,1412.6980,asserted,,True,True,False,True,ref44,,True,False,https://openalex.org/W1522301498,,False,,skipped,False,False,,skipped,
10.1038/s41598-025-10712-9,1412.6980,asserted,,True,True,False,True,10712_CR49,,True,False,https://openalex.org/W1522301498,,False,,skipped,False,False,,skipped,
10.1190/geo2021-0829.1,1412.6980,asserted,,True,True,False,False,,,True,False,https://openalex.org/W1522301498,,False,,skipped,False,False,,skipped,
10.1016/j.jsb.2023.108058,1412.6980,asserted,,True,True,False,True,10.1016/j.jsb.2023.108058_b0105,,True,False,https://openalex.org/W1522301498,,False,,skipped,False,False,,skipped,
10.1109/access.2025.3604689,1412.6980,asserted,,True,True,False,True,ref37,,True,False,https://openalex.org/W1522301498,,False,,skipped,False,False,,skipped,
10.1007/978-981-16-3728-5_19,1412.6980,asserted,,True,True,False,True,19_CR17,,True,True,https://openalex.org/W1522301498,,False,,skipped,False,False,,skipped,
10.1109/jproc.2022.3174030,1412.6980,asserted,,True,True,False,True,ref151,,True,True,https://openalex.org/W1522301498,,False,,skipped,False,False,,skipped,
10.1186/s10033-025-01260-4,1412.6980,asserted,,True,True,False,True,1260_CR24,,True,False,https://openalex.org/W1522301498,,False,,skipped,False,False,,skipped,
10.1063/5.0008889,1412.6980,asserted,,True,True,False,True,2023080504503665000_c25,,True,True,https://openalex.org/W1522301498,,False,,skipped,False,False,,skipped,
10.1145/3746027.3755540,1412.6980,asserted,,True,True,False,True,e_1_3_2_2_28_1,,True,False,https://openalex.org/W1522301498,,False,,skipped,False,False,,skipped,
10.1101/2025.03.03.641259,1412.6980,asserted,,True,True,False,True,2025031912153230000_2025.03.03.641259v3.29,,True,False,https://openalex.org/W1522301498,,False,,skipped,False,False,,skipped,
10.1186/s13636-024-00331-z,1412.6980,asserted,,True,True,False,True,331_CR58,,True,False,https://openalex.org/W1522301498,,False,,skipped,False,False,,skipped,
10.1016/j.compbiolchem.2021.107558,1412.6980,asserted,,True,True,False,True,10.1016/j.compbiolchem.2021.107558_bib26,,True,False,https://openalex.org/W1522301498,,False,,skipped,False,False,,skipped,
10.1145/3503181.3503218,1412.6980,asserted,,True,True,False,True,e_1_3_2_1_10_1,,True,False,https://openalex.org/W1522301498,,False,,skipped,False,False,,skipped,
10.1007/978-3-031-33374-3_26,1412.6980,asserted,,True,True,False,True,26_CR7,,True,False,https://openalex.org/W1522301498,,False,,skipped,False,False,,skipped,
10.1371/journal.pone.0206081,1412.6980,asserted,,True,True,False,True,ref21,,True,False,https://openalex.org/W1522301498,,False,,skipped,False,False,,skipped,
10.1145/3197517.3201315,1412.6980,asserted,,True,True,False,True,e_1_2_2_16_1,,True,True,https://openalex.org/W1522301498,,False,,skipped,False,False,,skipped,
10.1051/0004-6361/202453339,1412.6980,asserted,,True,True,False,True,R59,,True,False,https://openalex.org/W1522301498,,False,,skipped,False,False,,skipped,
10.1016/j.eswa.2025.130377,1412.6980,asserted,,True,True,False,True,10.1016/j.eswa.2025.130377_bib0017,,True,False,https://openalex.org/W1522301498,,False,,skipped,False,False,,skipped,
10.1109/access.2022.3156598,1412.6980,asserted,,True,True,False,True,ref57,,True,True,https://openalex.org/W1522301498,,False,,skipped,False,False,,skipped,
10.1088/1402-4896/ad3e37,1412.6980,asserted,publisher,True,True,True,False,psad3e37bib21,,True,False,https://openalex.org/W1522301498,,False,,skipped,False,False,,skipped,
10.1016/j.eswa.2022.117933,1412.6980,asserted,,True,True,False,True,10.1016/j.eswa.2022.117933_b0080,,True,False,https://openalex.org/W1522301498,,False,,skipped,False,False,,skipped,
10.1007/978-3-031-06981-9_14,1412.6980,asserted,,True,True,False,True,14_CR18,,True,False,https://openalex.org/W1522301498,,False,,skipped,False,False,,skipped,
10.1080/00207543.2019.1607978,1412.6980,asserted,,True,True,False,True,CIT0017,,True,False,https://openalex.org/W1522301498,,False,,skipped,False,False,,skipped,
10.1007/s10489-022-04448-6,1412.6980,asserted,,True,True,False,True,4448_CR54,,True,False,https://openalex.org/W1522301498,,False,,skipped,False,False,,skipped,
10.1016/b978-0-08-102696-0.00001-4,1412.6980,asserted,,True,True,False,True,10.1016/B978-0-08-102696-0.00001-4_bib35,,True,False,https://openalex.org/W1522301498,,False,,skipped,False,False,,skipped,
10.1029/2018ms001472,1412.6980,asserted,,True,True,False,True,e_1_2_8_32_1,,True,True,https://openalex.org/W1522301498,,False,,skipped,False,False,,skipped,
10.1007/s44443-025-00280-3,1412.6980,asserted,,True,True,False,True,280_CR16,,True,False,https://openalex.org/W1522301498,,False,,skipped,False,False,,skipped,
10.1109/jiot.2023.3341468,1412.6980,asserted,,True,True,False,True,ref48,,True,True,https://openalex.org/W1522301498,,False,,skipped,False,False,,skipped,
10.1002/solr.202500550,1412.6980,asserted,,True,True,False,True,e_1_2_9_24_1,,True,False,https://openalex.org/W1522301498,,False,,skipped,False,False,,skipped,
10.1186/s12880-022-00818-1,1412.6980,asserted,,True,True,False,True,818_CR63,,True,False,https://openalex.org/W1522301498,,False,,skipped,False,False,,skipped,
10.1364/ao.496453,1412.6980,asserted,publisher,True,True,True,False,ao-62-34-8978-R25,,True,False,https://openalex.org/W1522301498,,False,,skipped,False,False,,skipped,
10.1007/s13042-021-01315-7,1412.6980,asserted,,True,True,False,True,1315_CR31,,True,True,https://openalex.org/W1522301498,,False,,skipped,False,False,,skipped,
10.1299/jamdsm.2022jamdsm0063,1412.6980,asserted,,True,True,False,True,11,,True,False,https://openalex.org/W1522301498,,False,,skipped,False,False,,skipped,
10.1109/jsen.2023.3347853,1412.6980,asserted,,True,True,False,True,ref30,,True,True,https://openalex.org/W1522301498,,False,,skipped,False,False,,skipped,
10.1007/s11042-020-08980-w,1412.6980,asserted,,True,True,False,True,8980_CR28,,True,True,https://openalex.org/W1522301498,,False,,skipped,False,False,,skipped,
10.1016/j.jfoodeng.2022.111005,1412.6980,asserted,,True,True,False,True,10.1016/j.jfoodeng.2022.111005_bib13,,True,False,https://openalex.org/W1522301498,,False,,skipped,False,False,,skipped,
10.21468/scipostphyscodeb.14,1412.6980,asserted,publisher,True,True,True,False,ref19,,True,False,https://openalex.org/W1522301498,,False,,skipped,False,False,,skipped,
10.1093/jcde/qwaf094,1412.6980,asserted,publisher,True,True,True,False,2025101516301798900_bib8,,True,False,https://openalex.org/W1522301498,,False,,skipped,False,False,,skipped,
10.1007/978-3-319-98204-5_17,1412.6980,asserted,,True,True,False,True,17_CR10,,True,False,https://openalex.org/W1522301498,,False,,skipped,False,False,,skipped,
10.1002/sam.11610,1412.6980,asserted,,True,True,False,True,e_1_2_6_19_1,,True,True,https://openalex.org/W1522301498,,False,,skipped,False,False,,skipped,
10.1016/j.isprsjprs.2023.04.010,1412.6980,asserted,,True,True,False,True,10.1016/j.isprsjprs.2023.04.010_b0135,,True,False,https://openalex.org/W1522301498,,False,,skipped,False,False,,skipped,
10.1007/978-3-031-85256-5_2,1412.6980,asserted,,True,True,False,True,2_CR62,,True,False,https://openalex.org/W1522301498,,False,,skipped,False,False,,skipped,
10.1016/j.sigpro.2021.108375,1412.6980,asserted,,True,True,False,True,10.1016/j.sigpro.2021.108375_bib0046,,True,False,https://openalex.org/W1522301498,,False,,skipped,False,False,,skipped,
10.1109/jiot.2025.3575501,1412.6980,asserted,,True,True,False,True,ref43,,True,False,https://openalex.org/W1522301498,,False,,skipped,False,False,,skipped,
10.1016/j.saa.2025.126567,1412.6980,asserted,,True,True,False,True,10.1016/j.saa.2025.126567_b0290,,True,False,https://openalex.org/W1522301498,,False,,skipped,False,False,,skipped,
10.1007/978-3-030-66415-2_6,1412.6980,asserted,,True,True,False,True,6_CR12,,True,False,https://openalex.org/W1522301498,,False,,skipped,False,False,,skipped,
10.1145/3581783.3612391,1412.6980,asserted,,True,True,False,True,e_1_3_2_1_11_1,,True,False,https://openalex.org/W1522301498,,False,,skipped,False,False,,skipped,
10.1016/j.bspc.2025.108893,1412.6980,asserted,,True,True,False,True,10.1016/j.bspc.2025.108893_b0195,,True,False,https://openalex.org/W1522301498,,False,,skipped,False,False,,skipped,
10.1145/3746027.3755249,1412.6980,asserted,,True,True,False,True,e_1_3_2_1_17_1,,True,False,https://openalex.org/W1522301498,,False,,skipped,False,False,,skipped,
10.1080/01431161.2021.1993464,1412.6980,asserted,,True,True,False,True,cit0019,,True,False,https://openalex.org/W1522301498,,False,,skipped,False,False,,skipped,
10.1109/access.2021.3138966,1412.6980,asserted,,True,True,False,True,ref49,,True,True,https://openalex.org/W1522301498,,False,,skipped,False,False,,skipped,
10.7498/aps.74.20241775,1412.6980,asserted,,True,True,False,True,key-10.7498/aps.74.20241775-20,,True,False,https://openalex.org/W1522301498,,False,,skipped,False,False,,skipped,
10.1145/3704739,1412.6980,asserted,,True,True,False,True,e_1_3_2_21_2,,True,True,https://openalex.org/W1522301498,,False,,skipped,False,False,,skipped,
10.1109/access.2024.3356049,1412.6980,asserted,,True,True,False,True,ref42,,True,True,https://openalex.org/W1522301498,,False,,skipped,False,False,,skipped,
10.1016/j.eswa.2021.114856,1412.6980,asserted,,True,True,False,True,10.1016/j.eswa.2021.114856_b0210,,True,False,https://openalex.org/W1522301498,,False,,skipped,False,False,,skipped,
10.1016/j.compchemeng.2024.108929,1412.6980,asserted,,True,True,False,True,10.1016/j.compchemeng.2024.108929_bib0068,,True,False,https://openalex.org/W1522301498,,False,,skipped,False,False,,skipped,
10.1007/978-3-031-36024-4_33,1412.6980,asserted,,True,True,False,True,33_CR13,,True,False,https://openalex.org/W1522301498,,False,,skipped,False,False,,skipped,
10.1007/978-3-032-06624-4_6,1412.6980,asserted,,True,True,False,True,6_CR23,,True,False,https://openalex.org/W1522301498,,False,,skipped,False,False,,skipped,
10.1007/978-3-030-30244-3_56,1412.6980,asserted,,True,True,False,True,56_CR20,,True,False,https://openalex.org/W1522301498,,False,,skipped,False,False,,skipped,
10.32604/cmc.2023.037028,1412.6980,asserted,,True,True,False,True,ref34,,True,True,https://openalex.org/W1522301498,,False,,skipped,False,False,,skipped,
10.1145/3703935.3703955,1412.6980,asserted,,True,True,False,True,e_1_3_3_2_21_2,,True,False,https://openalex.org/W1522301498,,False,,skipped,False,False,,skipped,
10.1007/s10590-021-09282-0,1412.6980,asserted,,True,True,False,True,9282_CR19,,True,False,https://openalex.org/W1522301498,,False,,skipped,False,False,,skipped,
10.1145/3539618.3591753,1412.6980,asserted,,True,True,False,True,e_1_3_2_1_20_1,,True,False,https://openalex.org/W1522301498,,False,,skipped,False,False,,skipped,
10.1007/978-3-030-78191-0_17,1412.6980,asserted,,True,True,False,True,17_CR6,,True,False,https://openalex.org/W1522301498,,False,,skipped,False,False,,skipped,
10.1021/acs.jcim.9b00994,1412.6980,asserted,,True,True,False,True,ref59/cit59,,True,False,https://openalex.org/W1522301498,,False,,skipped,False,False,,skipped,
10.1007/jhep04(2022)147,1412.6980,asserted,,True,True,False,True,18255_CR72,,False,False,https://openalex.org/W1522301498,citing_not_found,False,,skipped,False,False,,skipped,
10.1145/3558521,1412.6980,asserted,,True,True,False,True,e_1_3_3_20_2,,True,False,https://openalex.org/W1522301498,,False,,skipped,False,False,,skipped,
10.1145/3447548.3467302,1412.6980,asserted,,True,True,False,True,e_1_3_2_2_13_1,,True,False,https://openalex.org/W1522301498,,False,,skipped,False,False,,skipped,
10.1007/978-3-031-30105-6_26,1412.6980,asserted,,True,True,False,True,26_CR17,,True,False,https://openalex.org/W1522301498,,False,,skipped,False,False,,skipped,
10.1007/978-3-031-11346-8_29,1412.6980,asserted,,True,True,False,True,29_CR16,,True,False,https://openalex.org/W1522301498,,False,,skipped,False,False,,skipped,
10.32604/cmc.2022.024232,1412.6980,asserted,,True,True,False,True,ref37,,True,True,https://openalex.org/W1522301498,,False,,skipped,False,False,,skipped,
10.1109/tifs.2023.3330337,1412.6980,asserted,,True,True,False,True,ref25,,True,True,https://openalex.org/W1522301498,,False,,skipped,False,False,,skipped,
10.1101/2025.11.18.689003,1412.6980,asserted,publisher,True,True,True,False,2025112016001149000_2025.11.18.689003v1.17,,True,False,https://openalex.org/W1522301498,,False,,skipped,False,False,,skipped,
10.1017/9781139879354.014,1412.6980,asserted,,True,True,False,True,9781139879354#bib1_r84,,True,False,https://openalex.org/W1522301498,,False,,skipped,False,False,,skipped,
10.1117/12.2654353,1412.6980,asserted,,True,True,False,True,c17,,True,True,https://openalex.org/W1522301498,,False,,skipped,False,False,,skipped,
10.14801/jkiit.2023.21.12.1,1412.6980,asserted,publisher,True,True,True,False,10.14801/jkiit.2023.21.12.1_ref12,,True,False,https://openalex.org/W1522301498,,False,,skipped,False,False,,skipped,
10.1109/tifs.2023.3254449,1412.6980,asserted,,True,True,False,True,ref56,,True,True,https://openalex.org/W1522301498,,False,,skipped,False,False,,skipped,
10.1145/3486622.3493927,1412.6980,asserted,,True,True,False,True,e_1_3_2_1_12_1,,True,False,https://openalex.org/W1522301498,,False,,skipped,False,False,,skipped,
10.1007/s00170-019-03792-1,1412.6980,asserted,,True,True,False,True,3792_CR15,,True,True,https://openalex.org/W1522301498,,False,,skipped,False,False,,skipped,
10.1007/s43670-021-00006-2,1412.6980,asserted,,True,True,False,True,6_CR22,,True,False,https://openalex.org/W1522301498,,False,,skipped,False,False,,skipped,
10.1111/cgf.13793,1412.6980,asserted,,True,True,False,True,e_1_2_8_18_2,,True,True,https://openalex.org/W1522301498,,False,,skipped,False,False,,skipped,
10.1063/5.0213233,1412.6980,asserted,,True,True,False,True,2024061011534919500_c54,,True,True,https://openalex.org/W1522301498,,False,,skipped,False,False,,skipped,
10.1016/j.patcog.2020.107515,1412.6980,asserted,,True,True,False,True,10.1016/j.patcog.2020.107515_bib0031,,True,True,https://openalex.org/W1522301498,,False,,skipped,False,False,,skipped,
10.1016/j.compstruc.2025.107693,1412.6980,asserted,,True,True,False,True,10.1016/j.compstruc.2025.107693_b0225,,True,False,https://openalex.org/W1522301498,,False,,skipped,False,False,,skipped,
10.1007/978-3-030-14799-0_12,1412.6980,asserted,,True,True,False,True,12_CR6,,True,False,https://openalex.org/W1522301498,,False,,skipped,False,False,,skipped,
10.1101/2022.10.12.511928,1412.6980,asserted,publisher,True,True,True,False,2023080411500500000_2022.10.12.511928v2.11,,True,False,https://openalex.org/W1522301498,,False,,skipped,False,False,,skipped,
10.1145/3343031.3351030,1412.6980,asserted,,True,True,False,True,e_1_3_2_1_12_1,,True,False,https://openalex.org/W1522301498,,False,,skipped,False,False,,skipped,
10.1007/978-3-030-32689-0_4,1412.6980,asserted,,True,True,False,True,4_CR8,,True,True,https://openalex.org/W1522301498,,False,,skipped,False,False,,skipped,
10.1111/cgf.15275,1412.6980,asserted,,True,True,False,True,e_1_2_8_41_2,,True,True,https://openalex.org/W1522301498,,False,,skipped,False,False,,skipped,
10.1109/jsen.2024.3373878,1412.6980,asserted,,True,True,False,True,ref42,,True,True,https://openalex.org/W1522301498,,False,,skipped,False,False,,skipped,
10.51483/ijaiml.1.1.2021.31-46,1412.6980,asserted,,True,True,False,True,ref21,,False,False,https://openalex.org/W1522301498,citing_not_found,False,,skipped,False,False,,skipped,
10.5194/nhess-24-823-2024,1412.6980,asserted,,True,True,False,True,ref50,,True,False,https://openalex.org/W1522301498,,False,,skipped,False,False,,skipped,
10.1016/j.neucom.2021.02.034,1412.6980,asserted,,True,True,False,True,10.1016/j.neucom.2021.02.034_b0230,,True,False,https://openalex.org/W1522301498,,False,,skipped,False,False,,skipped,
10.1007/s11042-023-14511-0,1412.6980,asserted,,True,True,False,True,14511_CR22,,True,False,https://openalex.org/W1522301498,,False,,skipped,False,False,,skipped,
10.1016/j.eswa.2020.113275,1412.6980,asserted,,True,True,False,True,10.1016/j.eswa.2020.113275_bib0029,,True,False,https://openalex.org/W1522301498,,False,,skipped,False,False,,skipped,
10.1587/transfun.e99.a.2558,1412.6980,asserted,,True,True,False,True,32,,True,True,https://openalex.org/W1522301498,,False,,skipped,False,False,,skipped,
10.1007/978-3-030-47358-7_12,1412.6980,asserted,,True,True,False,True,12_CR13,,True,False,https://openalex.org/W1522301498,,False,,skipped,False,False,,skipped,
10.1063/1.5124926,1412.6980,asserted,,True,True,False,True,2023080708275803700_c18,,True,True,https://openalex.org/W1522301498,,False,,skipped,False,False,,skipped,
10.5194/essd-17-3447-2025,1412.6980,asserted,,True,True,False,True,ref32,,True,False,https://openalex.org/W1522301498,,False,,skipped,False,False,,skipped,
10.1007/s00521-018-3372-x,1412.6980,asserted,,True,True,False,True,3372_CR30,,True,False,https://openalex.org/W1522301498,,False,,skipped,False,False,,skipped,
10.1111/cgf.70099,1412.6980,asserted,,True,True,False,True,e_1_2_6_29_2,,True,False,https://openalex.org/W1522301498,,False,,skipped,False,False,,skipped,
10.1007/978-3-030-58568-6_34,1412.6980,asserted,,True,True,False,True,34_CR15,,True,False,https://openalex.org/W1522301498,,False,,skipped,False,False,,skipped,
10.1002/wea.4163,1412.6980,asserted,,True,True,False,True,e_1_2_12_8_1,,True,False,https://openalex.org/W1522301498,,False,,skipped,False,False,,skipped,
10.1109/tcsi.2022.3189388,1412.6980,asserted,,True,True,False,True,ref35,,True,True,https://openalex.org/W1522301498,,False,,skipped,False,False,,skipped,
10.1007/978-3-031-16452-1_56,1412.6980,asserted,,True,True,False,True,56_CR31,,True,False,https://openalex.org/W1522301498,,False,,skipped,False,False,,skipped,
10.1080/01969722.2022.2030003,1412.6980,asserted,,True,True,False,True,CIT0025,,True,False,https://openalex.org/W1522301498,,False,,skipped,False,False,,skipped,
10.1101/2024.02.20.581321,1412.6980,asserted,publisher,True,True,True,False,2024050607400552000_2024.02.20.581321v3.83,,True,False,https://openalex.org/W1522301498,,False,,skipped,False,False,,skipped,
10.1016/j.eswa.2020.113911,1412.6980,asserted,,True,True,False,True,10.1016/j.eswa.2020.113911_b0185,,False,False,https://openalex.org/W1522301498,citing_not_found,False,,skipped,False,False,,skipped,
10.1190/geo2023-0225.1,1412.6980,asserted,publisher,True,True,False,False,,,True,False,https://openalex.org/W1522301498,,False,,skipped,False,False,,skipped,
10.1111/exsy.13047,1412.6980,asserted,,True,True,False,True,e_1_2_11_30_1,,True,False,https://openalex.org/W1522301498,,False,,skipped,False,False,,skipped,
10.1038/s41598-021-95098-0,1412.6980,asserted,,True,True,False,True,95098_CR34,,True,False,https://openalex.org/W1522301498,,False,,skipped,False,False,,skipped,
10.1007/s12083-024-01898-2,1412.6980,asserted,,True,True,False,True,1898_CR28,,True,False,https://openalex.org/W1522301498,,False,,skipped,False,False,,skipped,
10.1007/s40747-024-01391-6,1412.6980,asserted,publisher,True,True,True,False,1391_CR14,,True,False,https://openalex.org/W1522301498,,False,,skipped,False,False,,skipped,
10.1007/978-3-031-44210-0_26,1412.6980,asserted,,True,True,False,True,26_CR6,,True,False,https://openalex.org/W1522301498,,False,,skipped,False,False,,skipped,
10.1007/978-3-031-70239-6_16,1412.6980,asserted,publisher,True,True,True,False,16_CR17,,True,False,https://openalex.org/W1522301498,,False,,skipped,False,False,,skipped,
10.1175/waf-d-22-0187.1,1412.6980,asserted,,True,True,False,True,bib33,,True,False,https://openalex.org/W1522301498,,False,,skipped,False,False,,skipped,
10.21203/rs.3.rs-4606200/v1,1412.6980,asserted,,True,True,False,True,ref28,,True,False,https://openalex.org/W1522301498,,False,,skipped,False,False,,skipped,
10.1007/978-3-031-34020-8_8,1412.6980,asserted,,True,True,False,True,8_CR6,,True,False,https://openalex.org/W1522301498,,False,,skipped,False,False,,skipped,
10.1007/s10489-021-02976-1,1412.6980,asserted,,True,True,False,True,2976_CR41,,True,False,https://openalex.org/W1522301498,,False,,skipped,False,False,,skipped,
10.1186/s40658-023-00598-9,1412.6980,asserted,,True,True,False,True,598_CR22,,True,False,https://openalex.org/W1522301498,,False,,skipped,False,False,,skipped,
10.7554/elife.95449.2,1412.6980,asserted,publisher,True,True,True,False,c50,,True,False,https://openalex.org/W1522301498,,False,,skipped,False,False,,skipped,
10.1007/978-981-99-8552-4_1,1412.6980,asserted,,True,True,False,True,1_CR14,,True,False,https://openalex.org/W1522301498,,False,,skipped,False,False,,skipped,
10.1016/j.ijplas.2024.104165,1412.6980,asserted,,True,True,False,True,10.1016/j.ijplas.2024.104165_bib0058,,True,False,https://openalex.org/W1522301498,,False,,skipped,False,False,,skipped,
10.1016/j.jhydrol.2025.133295,1412.6980,asserted,,True,True,False,True,10.1016/j.jhydrol.2025.133295_b0150,,True,False,https://openalex.org/W1522301498,,False,,skipped,False,False,,skipped,
10.1007/978-3-031-88711-6_8,1412.6980,asserted,publisher,True,True,True,False,8_CR29,,True,False,https://openalex.org/W1522301498,,False,,skipped,False,False,,skipped,
10.1155/2021/5520281,1412.6980,asserted,,True,True,False,True,e_1_2_9_32_2,,True,False,https://openalex.org/W1522301498,,False,,skipped,False,False,,skipped,
10.18287/2412-6179-co-1010,1412.6980,asserted,,True,True,False,True,ref35,,True,False,https://openalex.org/W1522301498,,False,,skipped,False,False,,skipped,
10.1007/978-3-030-73018-5_2,1412.6980,asserted,,True,True,False,True,2_CR14,,True,False,https://openalex.org/W1522301498,,False,,skipped,False,False,,skipped,
10.1007/978-3-031-19806-9_24,1412.6980,asserted,,True,True,False,True,24_CR22,,True,False,https://openalex.org/W1522301498,,False,,skipped,False,False,,skipped,
10.1145/3404835.3463068,1412.6980,asserted,,True,True,False,True,e_1_3_2_2_4_1,,True,False,https://openalex.org/W1522301498,,False,,skipped,False,False,,skipped,
10.1007/s00466-023-02291-1,1412.6980,asserted,publisher,True,True,True,False,2291_CR46,,True,False,https://openalex.org/W1522301498,,False,,skipped,False,False,,skipped,
10.1007/978-3-030-36204-1_37,1412.6980,asserted,,True,True,False,True,37_CR31,,True,False,https://openalex.org/W1522301498,,False,,skipped,False,False,,skipped,
10.1007/978-3-030-58598-3_17,1412.6980,asserted,,True,True,False,True,17_CR15,,True,False,https://openalex.org/W1522301498,,False,,skipped,False,False,,skipped,
10.1007/s42486-019-00023-0,1412.6980,asserted,,True,True,False,True,23_CR16,,True,False,https://openalex.org/W1522301498,,False,,skipped,False,False,,skipped,
10.1007/s10796-022-10325-x,1412.6980,asserted,,True,True,False,True,10325_CR19,,True,False,https://openalex.org/W1522301498,,False,,skipped,False,False,,skipped,
10.1117/12.3057869,1412.6980,asserted,,True,True,False,True,B16,,True,False,https://openalex.org/W1522301498,,False,,skipped,False,False,,skipped,
10.1145/3659591,1412.6980,asserted,,True,True,False,True,e_1_2_1_39_1,,True,False,https://openalex.org/W1522301498,,False,,skipped,False,False,,skipped,
10.1038/s41598-018-21070-0,1412.6980,asserted,,True,True,False,True,21070_CR16,,False,False,https://openalex.org/W1522301498,citing_not_found,False,,skipped,False,False,,skipped,
10.1186/s42774-021-00087-6,1412.6980,asserted,,True,True,False,True,87_CR45,,True,False,https://openalex.org/W1522301498,,False,,skipped,False,False,,skipped,
10.1016/j.patrec.2022.10.019,1412.6980,asserted,,True,True,False,True,10.1016/j.patrec.2022.10.019_bib0026,,True,False,https://openalex.org/W1522301498,,False,,skipped,False,False,,skipped,
10.1186/s12911-019-0756-5,1412.6980,asserted,,True,True,False,True,756_CR20,,True,False,https://openalex.org/W1522301498,,False,,skipped,False,False,,skipped,
10.1007/s00170-025-16149-8,1412.6980,asserted,publisher,True,True,True,False,16149_CR25,,True,False,https://openalex.org/W1522301498,,False,,skipped,False,False,,skipped,
10.1145/3511808.3557114,1412.6980,asserted,,True,True,False,True,e_1_3_2_2_14_1,,True,False,https://openalex.org/W1522301498,,False,,skipped,False,False,,skipped,
10.3103/s0147688221060058,1412.6980,asserted,,True,True,False,True,7144_CR27,,True,False,https://openalex.org/W1522301498,,False,,skipped,False,False,,skipped,
10.1007/978-3-031-36004-6_27,1412.6980,asserted,publisher,True,True,True,False,27_CR3,,True,False,https://openalex.org/W1522301498,,False,,skipped,False,False,,skipped,
10.1016/j.procs.2025.09.186,1412.6980,asserted,,True,True,False,True,10.1016/j.procs.2025.09.186_bib30,,True,False,https://openalex.org/W1522301498,,False,,skipped,False,False,,skipped,
10.1007/s00170-024-14069-7,1412.6980,asserted,publisher,True,True,True,False,14069_CR53,,True,False,https://openalex.org/W1522301498,,False,,skipped,False,False,,skipped,
10.1002/hbm.70396,1412.6980,asserted,,True,True,False,True,e_1_2_9_32_1,,True,False,https://openalex.org/W1522301498,,False,,skipped,False,False,,skipped,
10.1016/j.jhydrol.2024.130621,1412.6980,asserted,,True,True,False,True,10.1016/j.jhydrol.2024.130621_b0130,,True,False,https://openalex.org/W1522301498,,False,,skipped,False,False,,skipped,
10.1002/adpr.202200110,1412.6980,asserted,,True,True,False,True,e_1_2_8_63_1,,True,False,https://openalex.org/W1522301498,,False,,skipped,False,False,,skipped,
10.1007/978-3-031-21671-8_10,1412.6980,asserted,,True,True,False,True,10_CR13,,True,False,https://openalex.org/W1522301498,,False,,skipped,False,False,,skipped,
10.1016/j.psep.2022.05.039,1412.6980,asserted,,True,True,False,True,10.1016/j.psep.2022.05.039_bib32,,True,False,https://openalex.org/W1522301498,,False,,skipped,False,False,,skipped,
10.1007/978-981-16-8558-3_12,1412.6980,asserted,,True,True,False,True,12_CR15,,True,False,https://openalex.org/W1522301498,,False,,skipped,False,False,,skipped,
10.1109/access.2025.3591799,1412.6980,asserted,,True,True,False,True,ref46,,True,False,https://openalex.org/W1522301498,,False,,skipped,False,False,,skipped,
10.21468/scipostphys.16.1.037,1412.6980,asserted,publisher,True,True,True,False,ref40,,True,True,https://openalex.org/W1522301498,,False,,skipped,False,False,,skipped,
10.1080/03772063.2023.2196979,1412.6980,asserted,,True,True,False,True,e_1_3_3_37_1,,True,True,https://openalex.org/W1522301498,,False,,skipped,False,False,,skipped,
10.1038/s41598-025-20619-0,1412.6980,asserted,,True,True,False,True,20619_CR43,,True,False,https://openalex.org/W1522301498,,False,,skipped,False,False,,skipped,
10.1109/lgrs.2025.3555259,1412.6980,asserted,,True,True,False,True,ref7,,True,False,https://openalex.org/W1522301498,,False,,skipped,False,False,,skipped,
10.1051/0004-6361/202451480,1412.6980,asserted,,True,True,False,True,R36,,True,False,https://openalex.org/W1522301498,,False,,skipped,False,False,,skipped,
10.1007/s13042-024-02372-4,1412.6980,asserted,,True,True,False,True,2372_CR39,,True,False,https://openalex.org/W1522301498,,False,,skipped,False,False,,skipped,
10.1007/978-3-030-93046-2_37,1412.6980,asserted,,True,True,False,True,37_CR14,,True,False,https://openalex.org/W1522301498,,False,,skipped,False,False,,skipped,
10.1101/2025.08.30.673246,1412.6980,asserted,publisher,True,True,True,False,2025112104461143000_2025.08.30.673246v2.87,,True,False,https://openalex.org/W1522301498,,False,,skipped,False,False,,skipped,
10.1016/j.nima.2019.03.034,1412.6980,asserted,,True,True,False,True,10.1016/j.nima.2019.03.034_b15,,True,True,https://openalex.org/W1522301498,,False,,skipped,False,False,,skipped,
10.1016/j.media.2022.102391,1412.6980,asserted,,True,True,False,True,10.1016/j.media.2022.102391_bib0028,,True,False,https://openalex.org/W1522301498,,False,,skipped,False,False,,skipped,
10.1016/j.neuroimage.2024.120934,1412.6980,asserted,,True,True,False,True,10.1016/j.neuroimage.2024.120934_bib0025,,True,False,https://openalex.org/W1522301498,,False,,skipped,False,False,,skipped,
10.1007/978-3-319-59050-9_51,1412.6980,asserted,,True,True,False,True,51_CR10,,True,False,https://openalex.org/W1522301498,,False,,skipped,False,False,,skipped,
10.1007/978-3-031-35302-4_26,1412.6980,asserted,,True,True,False,True,26_CR6,,True,False,https://openalex.org/W1522301498,,False,,skipped,False,False,,skipped,
10.1007/978-3-030-34139-8_18,1412.6980,asserted,,True,True,False,True,18_CR11,,True,False,https://openalex.org/W1522301498,,False,,skipped,False,False,,skipped,
10.1016/j.patcog.2025.112651,1412.6980,asserted,,True,True,False,True,10.1016/j.patcog.2025.112651_bib0035,,True,False,https://openalex.org/W1522301498,,False,,skipped,False,False,,skipped,
10.1016/j.dcan.2025.11.002,1412.6980,asserted,,True,True,False,True,10.1016/j.dcan.2025.11.002_br0350,,True,False,https://openalex.org/W1522301498,,False,,skipped,False,False,,skipped,
10.1007/978-3-030-01246-5_42,1412.6980,asserted,,True,True,False,True,42_CR13,,True,True,https://openalex.org/W1522301498,,False,,skipped,False,False,,skipped,
10.1007/978-3-031-16474-3_60,1412.6980,asserted,,True,True,False,True,60_CR6,,True,False,https://openalex.org/W1522301498,,False,,skipped,False,False,,skipped,
10.1145/3583780.3614897,1412.6980,asserted,,True,True,False,True,e_1_3_2_1_16_1,,True,False,https://openalex.org/W1522301498,,False,,skipped,False,False,,skipped,
10.1051/epjconf/202533701191,1412.6980,asserted,,True,True,False,True,R10,,True,False,https://openalex.org/W1522301498,,False,,skipped,False,False,,skipped,
10.24425/bpasts.2020.136210,1412.6980,asserted,,True,True,False,True,#cr-split#-ref0.2,,True,True,https://openalex.org/W1522301498,,False,,skipped,False,False,,skipped,
10.1080/13657305.2023.2255346,1412.6980,asserted,,True,True,False,True,e_1_3_4_35_1,,True,False,https://openalex.org/W1522301498,,False,,skipped,False,False,,skipped,
10.1038/s41597-023-02665-3,1412.6980,asserted,,True,True,False,True,2665_CR38,,True,False,https://openalex.org/W1522301498,,False,,skipped,False,False,,skipped,
10.1038/s41598-022-08063-w,1412.6980,asserted,,True,True,False,True,8063_CR35,,True,False,https://openalex.org/W1522301498,,False,,skipped,False,False,,skipped,
10.1007/978-981-15-6202-0_31,1412.6980,asserted,,True,True,False,True,31_CR14,,True,False,https://openalex.org/W1522301498,,False,,skipped,False,False,,skipped,
10.1109/tmi.2024.3422027,1412.6980,asserted,,True,True,False,True,ref56,,True,True,https://openalex.org/W1522301498,,False,,skipped,False,False,,skipped,
10.1038/s41598-022-23133-9,1412.6980,asserted,,True,True,False,True,23133_CR38,,True,False,https://openalex.org/W1522301498,,False,,skipped,False,False,,skipped,
10.1002/mrm.29710,1412.6980,asserted,publisher,True,True,True,False,e_1_2_9_27_1,,True,False,https://openalex.org/W1522301498,,False,,skipped,False,False,,skipped,
10.1007/978-3-030-98883-8_7,1412.6980,asserted,,True,True,False,True,7_CR12,,True,False,https://openalex.org/W1522301498,,False,,skipped,False,False,,skipped,
10.1007/978-3-030-70650-0_3,1412.6980,asserted,,True,True,False,True,3_CR10,,True,False,https://openalex.org/W1522301498,,False,,skipped,False,False,,skipped,
10.1007/s10278-023-00873-2,1412.6980,asserted,publisher,True,True,True,False,873_CR40,,True,False,https://openalex.org/W1522301498,,False,,skipped,False,False,,skipped,
10.1371/journal.pone.0219004,1412.6980,asserted,,True,True,False,True,ref55,,True,False,https://openalex.org/W1522301498,,False,,skipped,False,False,,skipped,
10.1007/978-3-030-04780-1_28,1412.6980,asserted,,True,True,False,True,28_CR6,,True,False,https://openalex.org/W1522301498,,False,,skipped,False,False,,skipped,
10.1007/978-3-030-32029-4_16,1412.6980,asserted,,True,True,False,True,16_CR8,,True,True,https://openalex.org/W1522301498,,False,,skipped,False,False,,skipped,
10.1007/s11042-024-18138-7,1412.6980,asserted,publisher,True,True,True,False,18138_CR61,,True,False,https://openalex.org/W1522301498,,False,,skipped,False,False,,skipped,
10.1109/icra57147.2024.10610710,1412.6980,asserted,,True,True,False,True,ref72,,True,True,https://openalex.org/W1522301498,,False,,skipped,False,False,,skipped,
10.1145/3600160.3605088,1412.6980,asserted,,True,True,False,True,e_1_3_2_1_12_1,,True,False,https://openalex.org/W1522301498,,False,,skipped,False,False,,skipped,
10.1007/978-3-030-89370-5_8,1412.6980,asserted,,True,True,False,True,8_CR11,,True,True,https://openalex.org/W1522301498,,False,,skipped,False,False,,skipped,
10.1186/s12920-019-0624-2,1412.6980,asserted,,True,True,False,True,624_CR32,,True,False,https://openalex.org/W1522301498,,False,,skipped,False,False,,skipped,
10.1007/978-3-031-91856-8_6,1412.6980,asserted,,True,True,False,True,6_CR15,,True,False,https://openalex.org/W1522301498,,False,,skipped,False,False,,skipped,
10.1016/j.infrared.2021.103789,1412.6980,asserted,,True,True,False,True,10.1016/j.infrared.2021.103789_b0170,,True,True,https://openalex.org/W1522301498,,False,,skipped,False,False,,skipped,
10.1002/tee.24254,1412.6980,asserted,,True,True,False,True,e_1_2_9_34_1,,True,False,https://openalex.org/W1522301498,,False,,skipped,False,False,,skipped,
10.1007/s10845-022-02018-8,1412.6980,asserted,,True,True,False,True,2018_CR23,,True,False,https://openalex.org/W1522301498,,False,,skipped,False,False,,skipped,
10.1109/tcsvt.2025.3562492,1412.6980,asserted,,True,True,False,True,ref56,,True,False,https://openalex.org/W1522301498,,False,,skipped,False,False,,skipped,
10.1007/978-3-032-04624-6_15,1412.6980,asserted,,True,True,False,True,15_CR16,,True,False,https://openalex.org/W1522301498,,False,,skipped,False,False,,skipped,
10.1109/tsg.2022.3148757,1412.6980,asserted,,True,True,False,True,ref40,,True,True,https://openalex.org/W1522301498,,False,,skipped,False,False,,skipped,
10.1007/s10710-024-09481-7,1412.6980,asserted,,True,True,False,True,9481_CR32,,True,False,https://openalex.org/W1522301498,,False,,skipped,False,False,,skipped,
10.1145/3338472.3338476,1412.6980,asserted,,True,True,False,True,e_1_3_2_1_12_1,,True,True,https://openalex.org/W1522301498,,False,,skipped,False,False,,skipped,
10.1109/jsen.2024.3471618,1412.6980,asserted,,True,True,False,True,ref38,,True,False,https://openalex.org/W1522301498,,False,,skipped,False,False,,skipped,
10.1109/tccn.2023.3322448,1412.6980,asserted,,True,True,False,True,ref34,,True,True,https://openalex.org/W1522301498,,False,,skipped,False,False,,skipped,
10.1016/j.ymeth.2022.04.015,1412.6980,asserted,,True,True,False,True,10.1016/j.ymeth.2022.04.015_b0220,,True,False,https://openalex.org/W1522301498,,False,,skipped,False,False,,skipped,
10.1109/tgrs.2023.3272644,1412.6980,asserted,,True,True,False,True,ref29,,True,True,https://openalex.org/W1522301498,,False,,skipped,False,False,,skipped,
10.1007/978-3-030-57821-3_8,1412.6980,asserted,,True,True,False,True,8_CR19,,True,False,https://openalex.org/W1522301498,,False,,skipped,False,False,,skipped,
10.1190/geo2024-0035.1,1412.6980,asserted,publisher,True,True,False,False,,,True,False,https://openalex.org/W1522301498,,False,,skipped,False,False,,skipped,
10.1038/s41524-020-00410-7,1412.6980,asserted,,True,True,False,True,410_CR45,,True,False,https://openalex.org/W1522301498,,False,,skipped,False,False,,skipped,
10.1109/atc58710.2023.10318883,1412.6980,asserted,publisher,True,True,True,False,ref5,,True,True,https://openalex.org/W1522301498,,False,,skipped,False,False,,skipped,
10.1007/978-981-99-8076-5_29,1412.6980,asserted,,True,True,False,True,29_CR11,,True,False,https://openalex.org/W1522301498,,False,,skipped,False,False,,skipped,
10.1007/s00466-025-02602-8,1412.6980,asserted,,True,True,False,True,2602_CR49,,True,False,https://openalex.org/W1522301498,,False,,skipped,False,False,,skipped,
10.1007/s41095-023-0350-8,1412.6980,asserted,,True,True,False,True,350_CR60,,True,False,https://openalex.org/W1522301498,,False,,skipped,False,False,,skipped,
10.1038/s41598-024-52966-9,1412.6980,asserted,,True,True,False,True,52966_CR51,,True,False,https://openalex.org/W1522301498,,False,,skipped,False,False,,skipped,
10.1145/3581783.3611837,1412.6980,asserted,,True,True,False,True,e_1_3_2_2_19_1,,True,False,https://openalex.org/W1522301498,,False,,skipped,False,False,,skipped,
10.1093/mnras/stad2726,1412.6980,asserted,publisher,True,True,True,False,2023092408155135500_bib18,,True,False,https://openalex.org/W1522301498,,False,,skipped,False,False,,skipped,
10.1016/j.apacoust.2020.107547,1412.6980,asserted,,True,True,False,True,10.1016/j.apacoust.2020.107547_b0080,,True,False,https://openalex.org/W1522301498,,False,,skipped,False,False,,skipped,
10.1007/s00521-024-10735-9,1412.6980,asserted,,True,True,False,True,10735_CR13,,True,False,https://openalex.org/W1522301498,,False,,skipped,False,False,,skipped,
10.1016/j.cmpb.2019.105241,1412.6980,asserted,,True,True,False,True,10.1016/j.cmpb.2019.105241_bib0025,,True,False,https://openalex.org/W1522301498,,False,,skipped,False,False,,skipped,
10.7717/peerj-cs.2732,1412.6980,asserted,publisher,True,True,True,False,10.7717/peerj-cs.2732/ref-14,,True,False,https://openalex.org/W1522301498,,False,,skipped,False,False,,skipped,
10.1145/3503161.3548169,1412.6980,asserted,,True,True,False,True,e_1_3_2_2_27_1,,True,False,https://openalex.org/W1522301498,,False,,skipped,False,False,,skipped,
10.5194/gmd-17-1765-2024,1412.6980,asserted,,True,True,False,True,ref18,,True,False,https://openalex.org/W1522301498,,False,,skipped,False,False,,skipped,
10.1145/3471158.3472227,1412.6980,asserted,,True,True,False,True,e_1_3_2_2_20_1,,True,False,https://openalex.org/W1522301498,,False,,skipped,False,False,,skipped,
10.1109/tip.2024.3441813,1412.6980,asserted,,True,True,False,True,ref52,,True,True,https://openalex.org/W1522301498,,False,,skipped,False,False,,skipped,
10.1140/epjc/s10052-022-10012-w,1412.6980,asserted,,True,True,False,True,10012_CR45,,False,False,https://openalex.org/W1522301498,citing_not_found,False,,skipped,False,False,,skipped,
10.1007/978-3-030-14413-5_2,1412.6980,asserted,,True,True,False,True,2_CR19,,True,True,https://openalex.org/W1522301498,,False,,skipped,False,False,,skipped,
10.1002/best.202200072,1412.6980,asserted,,True,True,False,True,e_1_2_8_29_1,,True,False,https://openalex.org/W1522301498,,False,,skipped,False,False,,skipped,
10.1051/0004-6361/202347738,1412.6980,asserted,,True,True,False,True,R52,,True,False,https://openalex.org/W1522301498,,False,,skipped,False,False,,skipped,
10.1145/3618369,1412.6980,asserted,,True,True,False,True,e_1_2_2_35_1,,True,False,https://openalex.org/W1522301498,,False,,skipped,False,False,,skipped,
10.1016/j.addlet.2024.100241,1412.6980,asserted,,True,True,False,True,10.1016/j.addlet.2024.100241_bib0023,,True,False,https://openalex.org/W1522301498,,False,,skipped,False,False,,skipped,
10.1063/5.0051155,1412.6980,asserted,,True,True,False,True,2023080900402973200_c49,,True,True,https://openalex.org/W1522301498,,False,,skipped,False,False,,skipped,
10.1051/0004-6361/202450219,1412.6980,asserted,,True,True,False,True,R29,,True,False,https://openalex.org/W1522301498,,False,,skipped,False,False,,skipped,
10.20948/graphicon-2023-598-608,1412.6980,asserted,,True,True,False,True,9,,True,False,https://openalex.org/W1522301498,,False,,skipped,False,False,,skipped,
10.1109/icdm54844.2022.00070,1412.6980,asserted,,True,True,False,True,ref25,,True,True,https://openalex.org/W1522301498,,False,,skipped,False,False,,skipped,
10.1515/jib-2022-0055,1412.6980,asserted,,True,True,False,True,2023073113214258057_j_jib-2022-0055_ref_042,,True,False,https://openalex.org/W1522301498,,False,,skipped,False,False,,skipped,
10.1007/978-3-319-21233-3_6,1412.6980,asserted,,True,True,False,True,6_CR19,,True,False,https://openalex.org/W1522301498,,False,,skipped,False,False,,skipped,
10.1007/s13218-023-00814-9,1412.6980,asserted,,True,True,False,True,814_CR29,,True,False,https://openalex.org/W1522301498,,False,,skipped,False,False,,skipped,
10.1080/10298436.2019.1580367,1412.6980,asserted,,True,True,False,True,CIT0027,,True,False,https://openalex.org/W1522301498,,False,,skipped,False,False,,skipped,
10.1007/s00371-021-02378-x,1412.6980,asserted,,True,True,False,True,2378_CR29,,True,False,https://openalex.org/W1522301498,,False,,skipped,False,False,,skipped,
10.1145/3097983.3098053,1412.6980,asserted,,True,True,False,True,e_1_3_2_2_24_1,,True,True,https://openalex.org/W1522301498,,False,,skipped,False,False,,skipped,
10.1007/978-981-99-4071-4_53,1412.6980,asserted,,True,True,False,True,53_CR19,,True,False,https://openalex.org/W1522301498,,False,,skipped,False,False,,skipped,
10.1109/access.2022.3177198,1412.6980,asserted,,True,True,False,True,ref11,,True,True,https://openalex.org/W1522301498,,False,,skipped,False,False,,skipped,
10.3389/fpls.2025.1503645,1412.6980,asserted,,True,True,False,True,B15,,True,True,https://openalex.org/W1522301498,,False,,skipped,False,False,,skipped,
10.1016/j.neucom.2017.09.046,1412.6980,asserted,,True,True,False,True,10.1016/j.neucom.2017.09.046_bib0049,,True,False,https://openalex.org/W1522301498,,False,,skipped,False,False,,skipped,
10.1007/s10994-021-06116-1,1412.6980,asserted,,True,True,False,True,6116_CR25,,True,False,https://openalex.org/W1522301498,,False,,skipped,False,False,,skipped,
10.1080/07038992.2022.2056435,1412.6980,asserted,,True,True,False,True,CIT0041,,True,False,https://openalex.org/W1522301498,,False,,skipped,False,False,,skipped,
10.1126/science.abe2629,1412.6980,asserted,,True,True,False,True,e_1_3_2_60_2,,True,False,https://openalex.org/W1522301498,,False,,skipped,False,False,,skipped,
10.1190/geo2024-0056.1,1412.6980,asserted,publisher,True,True,False,False,,,True,False,https://openalex.org/W1522301498,,False,,skipped,False,False,,skipped,
10.1109/tnnls.2024.3383873,1412.6980,asserted,,True,True,False,True,ref60,,True,True,https://openalex.org/W1522301498,,False,,skipped,False,False,,skipped,
10.1109/tgrs.2022.3148994,1412.6980,asserted,,True,True,False,True,ref63,,True,True,https://openalex.org/W1522301498,,False,,skipped,False,False,,skipped,
10.1016/j.neuroimage.2021.118423,1412.6980,asserted,,True,True,False,True,10.1016/j.neuroimage.2021.118423_bib0052,,True,False,https://openalex.org/W1522301498,,False,,skipped,False,False,,skipped,
10.1007/s11263-025-02557-6,1412.6980,asserted,,True,True,False,True,2557_CR80,,True,False,https://openalex.org/W1522301498,,False,,skipped,False,False,,skipped,
10.1007/978-981-97-3292-0_9,1412.6980,asserted,,True,True,False,True,9_CR22,,True,False,https://openalex.org/W1522301498,,False,,skipped,False,False,,skipped,
10.1007/s00521-024-09800-0,1412.6980,asserted,publisher,True,True,True,False,9800_CR59,,True,False,https://openalex.org/W1522301498,,False,,skipped,False,False,,skipped,
10.1007/978-3-030-01424-7_30,1412.6980,asserted,,True,True,False,True,30_CR2,,True,False,https://openalex.org/W1522301498,,False,,skipped,False,False,,skipped,
10.1007/978-3-031-81244-6_1,1412.6980,asserted,,True,True,False,True,1_CR17,,True,False,https://openalex.org/W1522301498,,False,,skipped,False,False,,skipped,
10.1038/s41598-023-49195-x,1412.6980,asserted,,True,True,False,True,49195_CR39,,True,False,https://openalex.org/W1522301498,,False,,skipped,False,False,,skipped,
10.1007/978-3-031-16440-8_51,1412.6980,asserted,,True,True,False,True,51_CR10,,True,False,https://openalex.org/W1522301498,,False,,skipped,False,False,,skipped,
10.1016/j.knosys.2021.107245,1412.6980,asserted,,True,True,False,True,10.1016/j.knosys.2021.107245_b49,,True,False,https://openalex.org/W1522301498,,False,,skipped,False,False,,skipped,
10.1017/pan.2021.36,1412.6980,asserted,,True,True,False,True,S104719872100036X_r24,,True,False,https://openalex.org/W1522301498,,False,,skipped,False,False,,skipped,
10.1007/978-981-97-6367-2_39,1412.6980,asserted,,True,True,False,True,39_CR14,,True,False,https://openalex.org/W1522301498,,False,,skipped,False,False,,skipped,
10.1145/3543507.3583255,1412.6980,asserted,,True,True,False,True,e_1_3_2_1_11_1,,True,False,https://openalex.org/W1522301498,,False,,skipped,False,False,,skipped,
10.1007/s00371-023-03232-y,1412.6980,asserted,,True,True,False,True,3232_CR37,,True,False,https://openalex.org/W1522301498,,False,,skipped,False,False,,skipped,
10.1162/netn_a_00456,1412.6980,asserted,publisher,True,True,True,False,2025070111405398600_bib32,,True,False,https://openalex.org/W1522301498,,False,,skipped,False,False,,skipped,
10.1117/12.3047021,1412.6980,asserted,,True,True,False,True,c10,,True,False,https://openalex.org/W1522301498,,False,,skipped,False,False,,skipped,
10.1145/3664647.3680700,1412.6980,asserted,,True,True,False,True,e_1_3_2_1_18_1,,True,False,https://openalex.org/W1522301498,,False,,skipped,False,False,,skipped,
10.1145/3629131,1412.6980,asserted,,True,True,False,True,e_1_2_1_25_1,,True,True,https://openalex.org/W1522301498,,False,,skipped,False,False,,skipped,
10.1016/j.bspc.2024.106652,1412.6980,asserted,,True,True,False,True,10.1016/j.bspc.2024.106652_b0240,,True,False,https://openalex.org/W1522301498,,False,,skipped,False,False,,skipped,
10.3389/fbuil.2020.00097,1412.6980,asserted,,True,True,False,True,B29,,True,True,https://openalex.org/W1522301498,,False,,skipped,False,False,,skipped,
10.1007/s12525-025-00778-8,1412.6980,asserted,publisher,True,True,True,False,778_CR75,,True,False,https://openalex.org/W1522301498,,False,,skipped,False,False,,skipped,
10.1051/0004-6361/202142881,1412.6980,asserted,,True,True,False,True,R16,,True,False,https://openalex.org/W1522301498,,False,,skipped,False,False,,skipped,
10.1016/j.infrared.2023.104670,1412.6980,asserted,,True,True,False,True,10.1016/j.infrared.2023.104670_b0100,,True,False,https://openalex.org/W1522301498,,False,,skipped,False,False,,skipped,
10.1134/s0021364024602203,1412.6980,asserted,,True,True,False,True,4023_CR31,,True,False,https://openalex.org/W1522301498,,False,,skipped,False,False,,skipped,
10.1007/978-3-030-63007-2_39,1412.6980,asserted,,True,True,False,True,39_CR38,,True,False,https://openalex.org/W1522301498,,False,,skipped,False,False,,skipped,
10.1126/sciadv.aau6792,1412.6980,asserted,,True,True,False,True,e_1_3_2_39_2,,True,False,https://openalex.org/W1522301498,,False,,skipped,False,False,,skipped,
10.1145/3442381.3449788,1412.6980,asserted,,True,True,False,True,e_1_3_2_1_27_1,,True,False,https://openalex.org/W1522301498,,False,,skipped,False,False,,skipped,
10.1080/01431161.2023.2264499,1412.6980,asserted,publisher,True,True,True,False,e_1_3_3_12_1,,True,False,https://openalex.org/W1522301498,,False,,skipped,False,False,,skipped,
10.1007/978-3-030-24274-9_36,1412.6980,asserted,,True,True,False,True,36_CR26,,True,False,https://openalex.org/W1522301498,,False,,skipped,False,False,,skipped,
10.1007/s11042-024-18492-6,1412.6980,asserted,,True,True,False,True,18492_CR41,,True,False,https://openalex.org/W1522301498,,False,,skipped,False,False,,skipped,
10.1109/tase.2023.3253574,1412.6980,asserted,,True,True,False,True,ref22,,True,True,https://openalex.org/W1522301498,,False,,skipped,False,False,,skipped,
10.1007/978-3-030-36711-4_28,1412.6980,asserted,,True,True,False,True,28_CR7,,True,False,https://openalex.org/W1522301498,,False,,skipped,False,False,,skipped,
10.1021/acs.jpca.2c08757,1412.6980,asserted,publisher,True,True,True,False,ref43/cit43,,True,False,https://openalex.org/W1522301498,,False,,skipped,False,False,,skipped,
10.1007/s10994-023-06503-w,1412.6980,asserted,,True,True,False,True,6503_CR16,,True,False,https://openalex.org/W1522301498,,False,,skipped,False,False,,skipped,
10.1101/2020.10.28.359620,1412.6980,asserted,,True,True,False,True,2024080421473185000_2020.10.28.359620v3.50,,True,False,https://openalex.org/W1522301498,,False,,skipped,False,False,,skipped,
10.1007/978-3-032-05325-1_29,1412.6980,asserted,,True,True,False,True,29_CR6,,True,False,https://openalex.org/W1522301498,,False,,skipped,False,False,,skipped,
10.1063/1.5128372,1412.6980,asserted,,True,True,False,True,2023080706161603100_c25,,True,True,https://openalex.org/W1522301498,,False,,skipped,False,False,,skipped,
10.1155/2022/5876180,1412.6980,asserted,,True,True,False,True,e_1_2_11_37_2,,True,True,https://openalex.org/W1522301498,,False,,skipped,False,False,,skipped,
10.1007/978-981-99-2401-1_26,1412.6980,asserted,,True,True,False,True,26_CR14,,True,False,https://openalex.org/W1522301498,,False,,skipped,False,False,,skipped,
10.1007/s13278-024-01216-x,1412.6980,asserted,,True,True,False,True,1216_CR12,,True,False,https://openalex.org/W1522301498,,False,,skipped,False,False,,skipped,
10.1109/tip.2022.3187294,1412.6980,asserted,,True,True,False,True,ref60,,True,True,https://openalex.org/W1522301498,,False,,skipped,False,False,,skipped,
10.1145/3631456,1412.6980,asserted,,True,True,False,True,e_1_2_2_35_1,,True,False,https://openalex.org/W1522301498,,False,,skipped,False,False,,skipped,
10.14778/3514061.3514074,1412.6980,asserted,,True,True,False,True,e_1_2_1_23_1,,True,False,https://openalex.org/W1522301498,,False,,skipped,False,False,,skipped,
10.1109/tpami.2022.3196652,1412.6980,asserted,publisher,True,True,True,False,ref30,,True,False,https://openalex.org/W1522301498,,False,,skipped,False,False,,skipped,
10.1145/3588155.3588175,1412.6980,asserted,,True,True,False,True,e_1_3_2_1_32_1,,True,False,https://openalex.org/W1522301498,,False,,skipped,False,False,,skipped,
10.1007/978-3-030-58604-1_6,1412.6980,asserted,,True,True,False,True,6_CR14,,True,False,https://openalex.org/W1522301498,,False,,skipped,False,False,,skipped,
10.1145/3470890,1412.6980,asserted,,True,True,False,True,e_1_2_1_16_1,,True,False,https://openalex.org/W1522301498,,False,,skipped,False,False,,skipped,
10.1007/978-981-96-9958-2_42,1412.6980,asserted,,True,True,False,True,42_CR40,,True,False,https://openalex.org/W1522301498,,False,,skipped,False,False,,skipped,
10.22630/mgv.2022.31.1.3,1412.6980,asserted,,True,True,False,True,36553,,True,False,https://openalex.org/W1522301498,,False,,skipped,False,False,,skipped,
10.3934/fods.2021016,1412.6980,asserted,,True,True,False,True,key-10.3934/fods.2021016-21,,True,False,https://openalex.org/W1522301498,,False,,skipped,False,False,,skipped,
10.1038/s41598-024-67957-z,1412.6980,asserted,,True,True,False,True,67957_CR37,,True,False,https://openalex.org/W1522301498,,False,,skipped,False,False,,skipped,
10.1126/science.abn7293,1412.6980,asserted,,True,True,False,True,e_1_3_2_43_2,,True,True,https://openalex.org/W1522301498,,False,,skipped,False,False,,skipped,
10.1145/3038912.3052704,1412.6980,asserted,,True,True,False,True,e_1_3_2_1_14_1,,True,False,https://openalex.org/W1522301498,,False,,skipped,False,False,,skipped,
10.56977/jicce.2025.23.2.94,1412.6980,asserted,,True,True,False,True,ref30,,True,False,https://openalex.org/W1522301498,,False,,skipped,False,False,,skipped,
10.1016/j.procs.2023.01.234,1412.6980,asserted,,True,True,False,True,10.1016/j.procs.2023.01.234_bib0026,,True,False,https://openalex.org/W1522301498,,False,,skipped,False,False,,skipped,
10.1007/s11071-021-06598-7,1412.6980,asserted,,True,True,False,True,6598_CR18,,True,False,https://openalex.org/W1522301498,,False,,skipped,False,False,,skipped,
10.1016/j.commatsci.2021.110551,1412.6980,asserted,,True,True,False,True,10.1016/j.commatsci.2021.110551_b0225,,True,False,https://openalex.org/W1522301498,,False,,skipped,False,False,,skipped,
10.1109/tgrs.2024.3352654,1412.6980,asserted,,True,True,False,True,ref44,,True,True,https://openalex.org/W1522301498,,False,,skipped,False,False,,skipped,
10.1145/3637528.3671585,1412.6980,asserted,,True,True,False,True,e_1_3_2_2_15_1,,True,False,https://openalex.org/W1522301498,,False,,skipped,False,False,,skipped,
10.1109/tcsvt.2024.3401872,1412.6980,asserted,,True,True,False,True,ref59,,True,True,https://openalex.org/W1522301498,,False,,skipped,False,False,,skipped,
10.1073/pnas.2202713119,1412.6980,asserted,,True,True,False,True,e_1_3_4_37_2,,True,False,https://openalex.org/W1522301498,,False,,skipped,False,False,,skipped,
10.1145/3448139.3448205,1412.6980,asserted,,True,True,False,True,e_1_3_2_1_19_1,,True,True,https://openalex.org/W1522301498,,False,,skipped,False,False,,skipped,
10.1021/acs.jcim.5c01506,1412.6980,asserted,publisher,True,True,True,False,ref32/cit32,,True,False,https://openalex.org/W1522301498,,False,,skipped,False,False,,skipped,
10.1109/access.2023.3345648,1412.6980,asserted,,True,True,False,True,ref31,,True,True,https://openalex.org/W1522301498,,False,,skipped,False,False,,skipped,
10.12677/csa.2025.153061,1412.6980,asserted,,True,True,False,True,ref18,,True,False,https://openalex.org/W1522301498,,False,,skipped,False,False,,skipped,
10.1145/3708359.3712105,1412.6980,asserted,,True,True,False,True,e_1_3_3_3_49_2,,True,False,https://openalex.org/W1522301498,,False,,skipped,False,False,,skipped,
10.1007/978-3-030-69544-6_4,1412.6980,asserted,,True,True,False,True,4_CR43,,True,False,https://openalex.org/W1522301498,,False,,skipped,False,False,,skipped,
10.1016/j.neuchi.2023.101519,1412.6980,asserted,,True,True,False,True,10.1016/j.neuchi.2023.101519_bib0105,,True,False,https://openalex.org/W1522301498,,False,,skipped,False,False,,skipped,
10.1145/3707462,1412.6980,asserted,,True,True,False,True,e_1_3_1_45_2,,True,False,https://openalex.org/W1522301498,,False,,skipped,False,False,,skipped,
10.1016/j.ymssp.2025.112940,1412.6980,asserted,,True,True,False,True,10.1016/j.ymssp.2025.112940_b0175,,True,False,https://openalex.org/W1522301498,,False,,skipped,False,False,,skipped,
10.1101/2022.01.14.476325,1412.6980,asserted,,True,True,False,True,2022011801050422000_2022.01.14.476325v1.10,,True,False,https://openalex.org/W1522301498,,False,,skipped,False,False,,skipped,
10.14801/jkiit.2023.21.8.143,1412.6980,asserted,publisher,True,True,True,False,10.14801/jkiit.2023.21.8.143_ref15,,True,False,https://openalex.org/W1522301498,,False,,skipped,False,False,,skipped,
10.1016/j.engappai.2025.110746,1412.6980,asserted,,True,True,False,True,10.1016/j.engappai.2025.110746_bib19,,True,True,https://openalex.org/W1522301498,,False,,skipped,False,False,,skipped,
10.1007/978-981-99-8138-0_7,1412.6980,asserted,,True,True,False,True,7_CR15,,True,False,https://openalex.org/W1522301498,,False,,skipped,False,False,,skipped,
10.1109/ijcb57857.2023.10448594,1412.6980,asserted,,True,True,False,True,ref30,,True,True,https://openalex.org/W1522301498,,False,,skipped,False,False,,skipped,
10.3390/rs14040931,1412.6980,asserted,,True,True,False,True,ref_46,,True,False,https://openalex.org/W1522301498,,False,,skipped,False,False,,skipped,
10.1002/acm2.13978,1412.6980,asserted,publisher,True,True,True,False,e_1_2_10_29_1,,True,False,https://openalex.org/W1522301498,,False,,skipped,False,False,,skipped,
10.1145/3581783.3612703,1412.6980,asserted,,True,True,False,True,e_1_3_2_1_18_1,,True,False,https://openalex.org/W1522301498,,False,,skipped,False,False,,skipped,
10.1162/tacl_a_00684,1412.6980,asserted,,True,True,False,True,2024090413342253400_bib15,,True,True,https://openalex.org/W1522301498,,False,,skipped,False,False,,skipped,
10.1111/1365-2478.13191,1412.6980,asserted,,True,True,False,True,e_1_2_7_15_1,,True,False,https://openalex.org/W1522301498,,False,,skipped,False,False,,skipped,
10.1007/978-3-031-24340-0_33,1412.6980,asserted,,True,True,False,True,33_CR23,,True,False,https://openalex.org/W1522301498,,False,,skipped,False,False,,skipped,
10.1007/s00521-024-10232-z,1412.6980,asserted,,True,True,False,True,10232_CR53,,True,False,https://openalex.org/W1522301498,,False,,skipped,False,False,,skipped,
10.1007/978-981-97-6992-6_23,1412.6980,asserted,,True,True,False,True,23_CR18,,True,False,https://openalex.org/W1522301498,,False,,skipped,False,False,,skipped,
10.1007/978-3-030-66823-5_7,1412.6980,asserted,,True,True,False,True,7_CR16,,True,False,https://openalex.org/W1522301498,,False,,skipped,False,False,,skipped,
10.3389/fneur.2025.1434334,1412.6980,asserted,publisher,True,True,True,False,B33,,True,False,https://openalex.org/W1522301498,,False,,skipped,False,False,,skipped,
10.1145/3615890.3628527,1412.6980,asserted,,True,True,False,True,e_1_3_2_1_11_1,,True,False,https://openalex.org/W1522301498,,False,,skipped,False,False,,skipped,
10.1080/00295639.2023.2239635,1412.6980,asserted,,True,True,False,True,e_1_3_5_58_1,,True,True,https://openalex.org/W1522301498,,False,,skipped,False,False,,skipped,
10.3390/rs12152493,1412.6980,asserted,,True,True,False,True,ref_45,,True,False,https://openalex.org/W1522301498,,False,,skipped,False,False,,skipped,
10.1109/access.2025.3578265,1412.6980,asserted,,True,True,False,True,ref10,,True,True,https://openalex.org/W1522301498,,False,,skipped,False,False,,skipped,
10.1016/j.isprsjprs.2023.01.015,1412.6980,asserted,,True,True,False,True,10.1016/j.isprsjprs.2023.01.015_b0140,,True,False,https://openalex.org/W1522301498,,False,,skipped,False,False,,skipped,
10.1007/s11227-021-04299-x,1412.6980,asserted,,True,True,False,True,4299_CR20,,True,False,https://openalex.org/W1522301498,,False,,skipped,False,False,,skipped,
10.1007/978-3-030-01364-6_17,1412.6980,asserted,,True,True,False,True,17_CR6,,True,True,https://openalex.org/W1522301498,,False,,skipped,False,False,,skipped,
10.1109/tmi.2023.3294014,1412.6980,asserted,,True,True,False,True,ref63,,True,True,https://openalex.org/W1522301498,,False,,skipped,False,False,,skipped,
10.1007/s10596-020-10014-1,1412.6980,asserted,,True,True,False,True,10014_CR13,,True,True,https://openalex.org/W1522301498,,False,,skipped,False,False,,skipped,
10.1007/978-3-030-30490-4_12,1412.6980,asserted,,True,True,False,True,12_CR20,,True,False,https://openalex.org/W1522301498,,False,,skipped,False,False,,skipped,
10.1007/s11280-021-00961-9,1412.6980,asserted,,True,True,False,True,961_CR17,,True,True,https://openalex.org/W1522301498,,False,,skipped,False,False,,skipped,
10.1007/978-3-030-31624-2_10,1412.6980,asserted,,True,True,False,True,10_CR11,,True,False,https://openalex.org/W1522301498,,False,,skipped,False,False,,skipped,
10.1007/s10664-025-10731-0,1412.6980,asserted,,True,True,False,True,10731_CR43,,True,False,https://openalex.org/W1522301498,,False,,skipped,False,False,,skipped,
10.1016/j.measurement.2020.108500,1412.6980,asserted,,True,True,False,True,10.1016/j.measurement.2020.108500_b0215,,True,False,https://openalex.org/W1522301498,,False,,skipped,False,False,,skipped,
10.1007/s44443-025-00270-5,1412.6980,asserted,,True,True,False,True,270_CR26,,True,False,https://openalex.org/W1522301498,,False,,skipped,False,False,,skipped,
10.1007/978-3-030-01258-8_32,1412.6980,asserted,,True,True,False,True,32_CR11,,True,False,https://openalex.org/W1522301498,,False,,skipped,False,False,,skipped,
10.1007/978-3-032-02312-4_11,1412.6980,asserted,,True,True,False,True,11_CR17,,True,False,https://openalex.org/W1522301498,,False,,skipped,False,False,,skipped,
10.1007/978-3-030-58607-2_4,1412.6980,asserted,,True,True,False,True,4_CR18,,True,False,https://openalex.org/W1522301498,,False,,skipped,False,False,,skipped,
10.1007/s00521-019-04410-7,1412.6980,asserted,,True,True,False,True,#cr-split#-4410_CR14.2,,True,True,https://openalex.org/W1522301498,,False,,skipped,False,False,,skipped,
10.1109/tcsvt.2021.3073114,1412.6980,asserted,,True,True,False,True,ref49,,True,True,https://openalex.org/W1522301498,,False,,skipped,False,False,,skipped,
10.1007/978-981-15-8450-3_62,1412.6980,asserted,,True,True,False,True,62_CR15,,True,False,https://openalex.org/W1522301498,,False,,skipped,False,False,,skipped,
10.1007/978-981-15-2810-1_46,1412.6980,asserted,,True,True,False,True,46_CR20,,True,False,https://openalex.org/W1522301498,,False,,skipped,False,False,,skipped,
10.1007/978-3-031-97596-7_8,1412.6980,asserted,,True,True,False,True,8_CR12,,True,False,https://openalex.org/W1522301498,,False,,skipped,False,False,,skipped,
10.1039/d1mh01792f,1412.6980,asserted,,True,True,False,True,D1MH01792F/cit29/1,,True,False,https://openalex.org/W1522301498,,False,,skipped,False,False,,skipped,
10.1145/3411764.3445565,1412.6980,asserted,,True,True,False,True,e_1_3_2_2_63_1,,True,False,https://openalex.org/W1522301498,,False,,skipped,False,False,,skipped,
10.1007/978-981-16-7993-3_11,1412.6980,asserted,,True,True,False,True,11_CR25,,True,False,https://openalex.org/W1522301498,,False,,skipped,False,False,,skipped,
10.1038/s41467-025-64976-w,1412.6980,asserted,publisher,True,True,True,False,64976_CR30,,True,False,https://openalex.org/W1522301498,,False,,skipped,False,False,,skipped,
10.1002/ima.23138,1412.6980,asserted,,True,True,False,True,e_1_2_10_44_1,,True,False,https://openalex.org/W1522301498,,False,,skipped,False,False,,skipped,
10.1007/978-3-031-27199-1_9,1412.6980,asserted,,True,True,False,True,9_CR6,,True,False,https://openalex.org/W1522301498,,False,,skipped,False,False,,skipped,
10.1016/j.cma.2024.117188,1412.6980,asserted,,True,True,False,True,10.1016/j.cma.2024.117188_bib0062,,True,False,https://openalex.org/W1522301498,,False,,skipped,False,False,,skipped,
10.1007/978-3-030-27477-1_19,1412.6980,asserted,,True,True,False,True,19_CR39,,True,False,https://openalex.org/W1522301498,,False,,skipped,False,False,,skipped,
10.1007/978-3-030-77143-0_8,1412.6980,asserted,,True,True,False,True,8_CR24,,True,False,https://openalex.org/W1522301498,,False,,skipped,False,False,,skipped,
10.1002/cpe.7649,1412.6980,asserted,,True,True,False,True,e_1_2_10_40_1,,True,False,https://openalex.org/W1522301498,,False,,skipped,False,False,,skipped,
10.2463/mrms.tn.2019-0081,1412.6980,asserted,,True,True,False,True,12,,True,False,https://openalex.org/W1522301498,,False,,skipped,False,False,,skipped,
10.1016/j.bspc.2024.107437,1412.6980,asserted,,True,True,False,True,10.1016/j.bspc.2024.107437_b0215,,True,False,https://openalex.org/W1522301498,,False,,skipped,False,False,,skipped,
10.1007/978-3-031-27250-9_14,1412.6980,asserted,,True,True,False,True,14_CR11,,True,False,https://openalex.org/W1522301498,,False,,skipped,False,False,,skipped,
10.1007/s10994-024-06653-5,1412.6980,asserted,,True,True,False,True,6653_CR29,,True,False,https://openalex.org/W1522301498,,False,,skipped,False,False,,skipped,
10.1145/3677052.3698640,1412.6980,asserted,,True,True,False,True,e_1_3_2_1_18_1,,True,False,https://openalex.org/W1522301498,,False,,skipped,False,False,,skipped,
10.3389/feart.2024.1472303,1412.6980,asserted,publisher,True,True,True,False,B5,,True,False,https://openalex.org/W1522301498,,False,,skipped,False,False,,skipped,
10.1002/mp.15034,1412.6980,asserted,,True,True,False,True,e_1_2_10_36_1,,True,False,https://openalex.org/W1522301498,,False,,skipped,False,False,,skipped,
10.1109/access.2024.3494250,1412.6980,asserted,,True,True,False,True,ref26,,True,False,https://openalex.org/W1522301498,,False,,skipped,False,False,,skipped,
10.1007/978-3-031-72848-8_8,1412.6980,asserted,,True,True,False,True,8_CR17,,True,False,https://openalex.org/W1522301498,,False,,skipped,False,False,,skipped,
10.1093/gigascience/giae093,1412.6980,asserted,publisher,True,True,True,False,2025011514115252800_bib42,,True,False,https://openalex.org/W1522301498,,False,,skipped,False,False,,skipped,
10.1126/scirobotics.adi0591,1412.6980,asserted,,True,True,False,True,e_1_3_2_76_2,,True,False,https://openalex.org/W1522301498,,False,,skipped,False,False,,skipped,
10.1007/978-3-319-91641-5_13,1412.6980,asserted,,True,True,False,True,13_CR22,,True,False,https://openalex.org/W1522301498,,False,,skipped,False,False,,skipped,
10.1145/3206004.3206009,1412.6980,asserted,,True,True,False,True,e_1_3_2_1_12_1,,True,True,https://openalex.org/W1522301498,,False,,skipped,False,False,,skipped,
10.1080/23322039.2025.2484422,1412.6980,asserted,,True,True,False,True,e_1_3_6_45_1,,True,False,https://openalex.org/W1522301498,,False,,skipped,False,False,,skipped,
10.1007/978-3-031-19787-1_11,1412.6980,asserted,,True,True,False,True,11_CR26,,True,False,https://openalex.org/W1522301498,,False,,skipped,False,False,,skipped,
10.1109/tccn.2025.3529688,1412.6980,asserted,,True,True,False,True,ref35,,True,False,https://openalex.org/W1522301498,,False,,skipped,False,False,,skipped,
10.1017/9781108690935.021,1412.6980,asserted,,True,True,False,True,9781108690935#ref1_r69,,True,True,https://openalex.org/W1522301498,,False,,skipped,False,False,,skipped,
10.1145/3316615.3316722,1412.6980,asserted,,True,True,False,True,e_1_3_2_1_42_1,,True,False,https://openalex.org/W1522301498,,False,,skipped,False,False,,skipped,
10.1051/matecconf/201927702028,1412.6980,asserted,,True,True,False,True,R20,,True,True,https://openalex.org/W1522301498,,False,,skipped,False,False,,skipped,
10.1007/s10409-024-24140-x,1412.6980,asserted,,True,True,False,True,24140_CR43,,True,False,https://openalex.org/W1522301498,,False,,skipped,False,False,,skipped,
10.1101/228262,1412.6980,asserted,,True,True,False,True,2019071810151915000_228262v1.53,,True,False,https://openalex.org/W1522301498,,False,,skipped,False,False,,skipped,
10.1527/tjsai.c-ja3,1412.6980,asserted,,True,True,False,True,21,,True,False,https://openalex.org/W1522301498,,False,,skipped,False,False,,skipped,
10.1007/978-3-030-88480-2_50,1412.6980,asserted,,True,True,False,True,50_CR12,,True,True,https://openalex.org/W1522301498,,False,,skipped,False,False,,skipped,
10.1007/978-3-319-58838-4_15,1412.6980,asserted,,True,True,False,True,15_CR23,,True,True,https://openalex.org/W1522301498,,False,,skipped,False,False,,skipped,
10.1016/j.measurement.2020.107539,1412.6980,asserted,,True,True,False,True,10.1016/j.measurement.2020.107539_b0200,,True,False,https://openalex.org/W1522301498,,False,,skipped,False,False,,skipped,
10.1145/3450626.3459810,1412.6980,asserted,,True,True,False,True,e_1_2_2_22_1,,True,False,https://openalex.org/W1522301498,,False,,skipped,False,False,,skipped,
10.1038/s41598-020-59285-9,1412.6980,asserted,,True,True,False,True,59285_CR26,,True,False,https://openalex.org/W1522301498,,False,,skipped,False,False,,skipped,
10.1109/tcsvt.2024.3370578,1412.6980,asserted,,True,True,False,True,ref37,,True,True,https://openalex.org/W1522301498,,False,,skipped,False,False,,skipped,
10.1007/978-3-031-06433-3_25,1412.6980,asserted,,True,True,False,True,25_CR31,,True,False,https://openalex.org/W1522301498,,False,,skipped,False,False,,skipped,
10.1063/5.0294397,1412.6980,asserted,,True,True,False,True,2025100808502206700_c40,,True,False,https://openalex.org/W1522301498,,False,,skipped,False,False,,skipped,
10.1101/2020.12.19.423616,1412.6980,asserted,,True,True,False,True,2024080505412162000_2020.12.19.423616v4.92,,True,False,https://openalex.org/W1522301498,,False,,skipped,False,False,,skipped,
10.23939/ujit2020.02.029,1412.6980,asserted,,True,True,False,True,ref16,,True,False,https://openalex.org/W1522301498,,False,,skipped,False,False,,skipped,
10.1145/3458280,1412.6980,asserted,,True,True,False,True,e_1_2_1_17_1,,True,False,https://openalex.org/W1522301498,,False,,skipped,False,False,,skipped,
10.1051/0004-6361/202554658,1412.6980,asserted,,True,True,False,True,R29,,True,False,https://openalex.org/W1522301498,,False,,skipped,False,False,,skipped,
10.1007/s11042-023-16773-0,1412.6980,asserted,,True,True,False,True,16773_CR38,,True,False,https://openalex.org/W1522301498,,False,,skipped,False,False,,skipped,
10.1145/3508259.3508271,1412.6980,asserted,,True,True,False,True,e_1_3_2_1_14_1,,True,False,https://openalex.org/W1522301498,,False,,skipped,False,False,,skipped,
10.1007/s13735-025-00358-8,1412.6980,asserted,,True,True,False,True,358_CR14,,True,False,https://openalex.org/W1522301498,,False,,skipped,False,False,,skipped,
10.21273/horttech05644-25,1412.6980,asserted,,True,True,False,True,B15,,True,False,https://openalex.org/W1522301498,,False,,skipped,False,False,,skipped,
10.1007/978-3-030-32778-1_13,1412.6980,asserted,,True,True,False,True,13_CR5,,True,False,https://openalex.org/W1522301498,,False,,skipped,False,False,,skipped,
10.1088/1674-1056/ad5c3b,1412.6980,asserted,publisher,True,True,True,False,cpb_33_9_090307bib47,,True,False,https://openalex.org/W1522301498,,False,,skipped,False,False,,skipped,
10.1007/s00138-020-01166-2,1412.6980,asserted,,True,True,False,True,1166_CR42,,True,False,https://openalex.org/W1522301498,,False,,skipped,False,False,,skipped,
10.1038/s41540-024-00460-3,1412.6980,asserted,,True,True,False,True,460_CR37,,True,False,https://openalex.org/W1522301498,,False,,skipped,False,False,,skipped,
10.1007/978-981-97-1417-9_13,1412.6980,asserted,,True,True,False,True,13_CR10,,True,False,https://openalex.org/W1522301498,,False,,skipped,False,False,,skipped,
10.1101/2025.11.07.687145,1412.6980,asserted,,True,True,False,True,2025111106101084000_2025.11.07.687145v1.77,,True,False,https://openalex.org/W1522301498,,False,,skipped,False,False,,skipped,
10.1109/access.2024.3350782,1412.6980,asserted,,True,True,False,True,ref27,,True,True,https://openalex.org/W1522301498,,False,,skipped,False,False,,skipped,
10.1007/s00521-023-08852-y,1412.6980,asserted,,True,True,False,True,8852_CR65,,True,False,https://openalex.org/W1522301498,,False,,skipped,False,False,,skipped,
10.1145/3600160.3605032,1412.6980,asserted,,True,True,False,True,e_1_3_2_1_11_1,,True,False,https://openalex.org/W1522301498,,False,,skipped,False,False,,skipped,
10.1007/978-3-030-58589-1_2,1412.6980,asserted,,True,True,False,True,2_CR27,,True,False,https://openalex.org/W1522301498,,False,,skipped,False,False,,skipped,
10.1145/3190834.3190847,1412.6980,asserted,,True,True,False,True,e_1_3_2_2_12_1,,True,True,https://openalex.org/W1522301498,,False,,skipped,False,False,,skipped,
10.1007/978-3-030-11015-4_53,1412.6980,asserted,,True,True,False,True,53_CR19,,True,False,https://openalex.org/W1522301498,,False,,skipped,False,False,,skipped,
10.1007/s10664-024-10541-w,1412.6980,asserted,,True,True,False,True,10541_CR36,,True,False,https://openalex.org/W1522301498,,False,,skipped,False,False,,skipped,
10.1007/s00521-023-08596-9,1412.6980,asserted,,True,True,False,True,8596_CR35,,True,False,https://openalex.org/W1522301498,,False,,skipped,False,False,,skipped,
10.1016/j.bspc.2024.106239,1412.6980,asserted,,True,True,False,True,10.1016/j.bspc.2024.106239_b0120,,True,False,https://openalex.org/W1522301498,,False,,skipped,False,False,,skipped,
10.1109/tits.2024.3381175,1412.6980,asserted,,True,True,False,True,ref78,,True,True,https://openalex.org/W1522301498,,False,,skipped,False,False,,skipped,
10.1007/s10115-023-01894-7,1412.6980,asserted,,True,True,False,True,1894_CR95,,True,False,https://openalex.org/W1522301498,,False,,skipped,False,False,,skipped,
10.1134/s0040579525601037,1412.6980,asserted,,True,True,False,True,9110_CR28,,True,False,https://openalex.org/W1522301498,,False,,skipped,False,False,,skipped,
10.1016/j.media.2021.101996,1412.6980,asserted,,True,True,False,True,10.1016/j.media.2021.101996_bib0024,,True,True,https://openalex.org/W1522301498,,False,,skipped,False,False,,skipped,
10.1007/s11604-022-01249-2,1412.6980,asserted,,True,True,False,True,1249_CR27,,True,False,https://openalex.org/W1522301498,,False,,skipped,False,False,,skipped,
10.1109/access.2022.3141875,1412.6980,asserted,,True,True,False,True,ref54,,False,False,https://openalex.org/W1522301498,citing_not_found,False,,skipped,False,False,,skipped,
10.1109/lgrs.2023.3335473,1412.6980,asserted,,True,True,False,True,ref19,,True,True,https://openalex.org/W1522301498,,False,,skipped,False,False,,skipped,
10.1109/tim.2023.3336758,1412.6980,asserted,,True,True,False,True,ref51,,True,False,https://openalex.org/W1522301498,,False,,skipped,False,False,,skipped,
10.1016/j.measurement.2023.113572,1412.6980,asserted,,True,True,False,True,10.1016/j.measurement.2023.113572_b0265,,True,False,https://openalex.org/W1522301498,,False,,skipped,False,False,,skipped,
10.1007/978-3-031-08580-2_12,1412.6980,asserted,,True,True,False,True,12_CR28,,True,False,https://openalex.org/W1522301498,,False,,skipped,False,False,,skipped,
10.1049/iet-ipr.2020.1056,1412.6980,asserted,,True,True,False,True,e_1_2_8_61_2,,True,False,https://openalex.org/W1522301498,,False,,skipped,False,False,,skipped,
10.1007/s00186-022-00777-x,1412.6980,asserted,,True,True,False,True,777_CR23,,True,False,https://openalex.org/W1522301498,,False,,skipped,False,False,,skipped,
10.1080/00140139.2022.2146206,1412.6980,asserted,,True,True,False,True,e_1_3_4_28_1,,True,True,https://openalex.org/W1522301498,,False,,skipped,False,False,,skipped,
10.1364/ao.521072,1412.6980,asserted,publisher,True,True,True,False,ao-63-16-E28-R21,,True,False,https://openalex.org/W1522301498,,False,,skipped,False,False,,skipped,
10.1109/ciss56502.2023.10089728,1412.6980,asserted,publisher,True,True,True,False,ref15,,True,False,https://openalex.org/W1522301498,,False,,skipped,False,False,,skipped,
10.1117/12.2686196,1412.6980,asserted,,True,True,False,True,B12,,True,True,https://openalex.org/W1522301498,,False,,skipped,False,False,,skipped,
10.1109/tcsvt.2023.3295588,1412.6980,asserted,,True,True,False,True,ref64,,True,False,https://openalex.org/W1522301498,,False,,skipped,False,False,,skipped,
10.1007/s42484-023-00132-1,1412.6980,asserted,,True,True,False,True,132_CR52,,True,False,https://openalex.org/W1522301498,,False,,skipped,False,False,,skipped,
10.1051/0004-6361/202453322,1412.6980,asserted,,True,True,False,True,R25,,True,False,https://openalex.org/W1522301498,,False,,skipped,False,False,,skipped,
10.1109/access.2022.3170438,1412.6980,asserted,,True,True,False,True,ref81,,True,True,https://openalex.org/W1522301498,,False,,skipped,False,False,,skipped,
10.1016/j.enbuild.2022.112278,1412.6980,asserted,,True,True,False,True,10.1016/j.enbuild.2022.112278_b0175,,True,False,https://openalex.org/W1522301498,,False,,skipped,False,False,,skipped,
10.1007/s11042-022-13123-4,1412.6980,asserted,,True,True,False,True,13123_CR14,,True,False,https://openalex.org/W1522301498,,False,,skipped,False,False,,skipped,
10.1038/s42004-024-01331-y,1412.6980,asserted,,True,True,False,True,1331_CR49,,True,False,https://openalex.org/W1522301498,,False,,skipped,False,False,,skipped,
10.1007/s40305-023-00453-9,1412.6980,asserted,,True,True,False,True,453_CR12,,True,False,https://openalex.org/W1522301498,,False,,skipped,False,False,,skipped,
10.1145/3539597.3570473,1412.6980,asserted,,True,True,False,True,e_1_3_2_2_11_1,,True,False,https://openalex.org/W1522301498,,False,,skipped,False,False,,skipped,
10.1145/3273931,1412.6980,asserted,,True,True,False,True,e_1_2_1_26_1,,True,True,https://openalex.org/W1522301498,,False,,skipped,False,False,,skipped,
10.1038/s41524-025-01770-8,1412.6980,asserted,,True,True,False,True,1770_CR111,,True,False,https://openalex.org/W1522301498,,False,,skipped,False,False,,skipped,
10.1016/j.ins.2023.01.011,1412.6980,asserted,,True,True,False,True,10.1016/j.ins.2023.01.011_b0225,,True,False,https://openalex.org/W1522301498,,False,,skipped,False,False,,skipped,
10.1007/978-3-030-58452-8_37,1412.6980,asserted,,True,True,False,True,37_CR22,,True,False,https://openalex.org/W1522301498,,False,,skipped,False,False,,skipped,
10.1371/journal.pcbi.1008943,1412.6980,asserted,,True,True,False,True,pcbi.1008943.ref038,,True,False,https://openalex.org/W1522301498,,False,,skipped,False,False,,skipped,
10.21203/rs.3.rs-7759568/v1,1412.6980,asserted,publisher,True,True,True,False,ref23,,True,False,https://openalex.org/W1522301498,,False,,skipped,False,False,,skipped,
10.1016/j.combustflame.2022.112286,1412.6980,asserted,,True,True,False,True,10.1016/j.combustflame.2022.112286_bib0062,,True,False,https://openalex.org/W1522301498,,False,,skipped,False,False,,skipped,
10.1007/s42421-025-00118-4,1412.6980,asserted,,True,True,False,True,118_CR39,,True,False,https://openalex.org/W1522301498,,False,,skipped,False,False,,skipped,
10.1145/3344788,1412.6980,asserted,,True,True,False,True,e_1_2_1_10_1,,True,False,https://openalex.org/W1522301498,,False,,skipped,False,False,,skipped,
10.1145/3340531.3411934,1412.6980,asserted,,True,True,False,True,e_1_3_2_2_21_1,,True,False,https://openalex.org/W1522301498,,False,,skipped,False,False,,skipped,
10.1145/3539618.3592053,1412.6980,asserted,,True,True,False,True,e_1_3_2_2_14_1,,True,False,https://openalex.org/W1522301498,,False,,skipped,False,False,,skipped,
10.1016/j.ejmp.2019.12.008,1412.6980,asserted,,True,True,False,True,10.1016/j.ejmp.2019.12.008_b0295,,True,False,https://openalex.org/W1522301498,,False,,skipped,False,False,,skipped,
10.1007/978-981-19-1524-6_9,1412.6980,asserted,,True,True,False,True,9_CR18,,True,False,https://openalex.org/W1522301498,,False,,skipped,False,False,,skipped,
10.1007/978-3-031-17976-1_7,1412.6980,asserted,,True,True,False,True,7_CR21,,True,False,https://openalex.org/W1522301498,,False,,skipped,False,False,,skipped,
10.1038/s41598-025-29693-w,1412.6980,asserted,,True,True,False,True,29693_CR35,,True,False,https://openalex.org/W1522301498,,False,,skipped,False,False,,skipped,
10.1145/3711896.3736899,1412.6980,asserted,,True,True,False,True,e_1_3_2_2_14_1,,True,False,https://openalex.org/W1522301498,,False,,skipped,False,False,,skipped,
10.1098/rsta.2019.0392,1412.6980,asserted,,True,True,False,True,e_1_3_5_27_2,,True,True,https://openalex.org/W1522301498,,False,,skipped,False,False,,skipped,
10.1145/3382494.3410677,1412.6980,asserted,,True,True,False,True,e_1_3_2_1_19_1,,True,False,https://openalex.org/W1522301498,,False,,skipped,False,False,,skipped,
10.1007/s10489-022-03453-z,1412.6980,asserted,,True,True,False,True,3453_CR46,,True,False,https://openalex.org/W1522301498,,False,,skipped,False,False,,skipped,
10.1007/978-3-031-70893-0_25,1412.6980,asserted,,True,True,False,True,25_CR15,,True,False,https://openalex.org/W1522301498,,False,,skipped,False,False,,skipped,
10.4218/etrij.2020-0282,1412.6980,asserted,,True,True,False,True,e_1_2_10_29_1,,True,False,https://openalex.org/W1522301498,,False,,skipped,False,False,,skipped,
10.1016/j.jmb.2025.169086,1412.6980,asserted,,True,True,False,True,10.1016/j.jmb.2025.169086_b0160,,True,False,https://openalex.org/W1522301498,,False,,skipped,False,False,,skipped,
10.1016/j.measurement.2020.108245,1412.6980,asserted,,True,True,False,True,10.1016/j.measurement.2020.108245_b0195,,True,False,https://openalex.org/W1522301498,,False,,skipped,False,False,,skipped,
10.1016/j.isprsjprs.2024.09.029,1412.6980,asserted,,True,True,False,True,10.1016/j.isprsjprs.2024.09.029_b0125,,True,False,https://openalex.org/W1522301498,,False,,skipped,False,False,,skipped,
10.1016/j.patrec.2022.04.010,1412.6980,asserted,,True,True,False,True,10.1016/j.patrec.2022.04.010_bib0026,,True,True,https://openalex.org/W1522301498,,False,,skipped,False,False,,skipped,
10.1021/acs.iecr.9b00975,1412.6980,asserted,,True,True,False,True,ref19/cit19,,True,False,https://openalex.org/W1522301498,,False,,skipped,False,False,,skipped,
10.1109/access.2024.3403676,1412.6980,asserted,,True,True,False,True,ref22,,True,True,https://openalex.org/W1522301498,,False,,skipped,False,False,,skipped,
10.1007/978-3-031-74627-7_27,1412.6980,asserted,,True,True,False,True,27_CR9,,True,False,https://openalex.org/W1522301498,,False,,skipped,False,False,,skipped,
10.3934/mbe.2023349,1412.6980,asserted,,True,True,False,True,key-10.3934/mbe.2023349-30,,True,False,https://openalex.org/W1522301498,,False,,skipped,False,False,,skipped,
10.1007/978-3-031-25063-7_44,1412.6980,asserted,,True,True,False,True,44_CR8,,True,False,https://openalex.org/W1522301498,,False,,skipped,False,False,,skipped,
10.1145/3185066.3185087,1412.6980,asserted,,True,True,False,True,e_1_3_2_1_11_1,,True,False,https://openalex.org/W1522301498,,False,,skipped,False,False,,skipped,
10.1109/tgrs.2021.3101359,1412.6980,asserted,,True,True,False,True,ref47,,True,True,https://openalex.org/W1522301498,,False,,skipped,False,False,,skipped,
10.1007/978-3-030-01204-5_9,1412.6980,asserted,,True,True,False,True,9_CR5,,True,True,https://openalex.org/W1522301498,,False,,skipped,False,False,,skipped,
10.1002/pro.5076,1412.6980,asserted,,True,True,False,True,e_1_2_10_33_1,,True,False,https://openalex.org/W1522301498,,False,,skipped,False,False,,skipped,
10.1109/twc.2021.3099372,1412.6980,asserted,,True,True,False,True,ref38,,False,False,https://openalex.org/W1522301498,citing_not_found,False,,skipped,False,False,,skipped,
10.1007/s44230-025-00120-7,1412.6980,asserted,,True,True,False,True,120_CR51,,True,False,https://openalex.org/W1522301498,,False,,skipped,False,False,,skipped,
10.14778/3636218.3636235,1412.6980,asserted,,True,True,False,True,e_1_2_1_19_1,,True,False,https://openalex.org/W1522301498,,False,,skipped,False,False,,skipped,
10.1007/978-3-030-67658-2_15,1412.6980,asserted,,True,True,False,True,15_CR20,,True,False,https://openalex.org/W1522301498,,False,,skipped,False,False,,skipped,
10.1007/s11042-022-13335-8,1412.6980,asserted,,True,True,False,True,13335_CR23,,True,False,https://openalex.org/W1522301498,,False,,skipped,False,False,,skipped,
10.1155/2022/4992321,1412.6980,asserted,,True,True,False,True,e_1_2_8_30_2,,True,False,https://openalex.org/W1522301498,,False,,skipped,False,False,,skipped,
10.1007/978-981-15-9746-6_72,1412.6980,asserted,,True,True,False,True,72_CR18,,True,True,https://openalex.org/W1522301498,,False,,skipped,False,False,,skipped,
10.29298/rmcf.v13i74.1269,1412.6980,asserted,,True,True,False,True,7226,,True,False,https://openalex.org/W1522301498,,False,,skipped,False,False,,skipped,
10.1007/978-981-19-5868-7_13,1412.6980,asserted,,True,True,False,True,13_CR22,,True,False,https://openalex.org/W1522301498,,False,,skipped,False,False,,skipped,
10.1007/978-3-030-58526-6_21,1412.6980,asserted,,True,True,False,True,21_CR16,,True,False,https://openalex.org/W1522301498,,False,,skipped,False,False,,skipped,
10.1051/0004-6361/202450828,1412.6980,asserted,,True,True,False,True,R54,,True,False,https://openalex.org/W1522301498,,False,,skipped,False,False,,skipped,
10.1364/oe.519872,1412.6980,asserted,publisher,True,True,True,False,oe-32-9-16333-R40,,True,False,https://openalex.org/W1522301498,,False,,skipped,False,False,,skipped,
10.1016/j.ymssp.2020.107108,1412.6980,asserted,,True,True,False,True,10.1016/j.ymssp.2020.107108_b0280,,True,False,https://openalex.org/W1522301498,,False,,skipped,False,False,,skipped,
10.1109/tip.2023.3234701,1412.6980,asserted,,True,True,False,True,ref21,,True,True,https://openalex.org/W1522301498,,False,,skipped,False,False,,skipped,
10.1007/s11548-019-02070-5,1412.6980,asserted,,True,True,False,True,2070_CR25,,True,False,https://openalex.org/W1522301498,,False,,skipped,False,False,,skipped,
10.3390/s23010425,1412.6980,asserted,,True,True,False,True,ref_46,,True,False,https://openalex.org/W1522301498,,False,,skipped,False,False,,skipped,
10.1016/j.jvcir.2019.02.006,1412.6980,asserted,,True,True,False,True,10.1016/j.jvcir.2019.02.006_b0105,,True,False,https://openalex.org/W1522301498,,False,,skipped,False,False,,skipped,
10.1039/d0sm02121k,1412.6980,asserted,,True,True,False,True,D0SM02121K-(cit68)/*[position()=1],,True,False,https://openalex.org/W1522301498,,False,,skipped,False,False,,skipped,
10.1038/s41467-021-21769-1,1412.6980,asserted,,True,True,False,True,21769_CR94,,True,True,https://openalex.org/W1522301498,,False,,skipped,False,False,,skipped,
10.1109/icip49359.2023.10222656,1412.6980,asserted,,True,True,False,True,ref29,,True,True,https://openalex.org/W1522301498,,False,,skipped,False,False,,skipped,
10.1145/3408062,1412.6980,asserted,,True,True,False,True,e_1_2_1_85_1,,True,False,https://openalex.org/W1522301498,,False,,skipped,False,False,,skipped,
10.1109/asp-dac58780.2024.10473927,1412.6980,asserted,,True,True,False,True,ref26,,True,True,https://openalex.org/W1522301498,,False,,skipped,False,False,,skipped,
10.1155/2019/3808064,1412.6980,asserted,,True,True,False,True,e_1_2_8_33_2,,True,False,https://openalex.org/W1522301498,,False,,skipped,False,False,,skipped,
10.1109/jsen.2024.3406685,1412.6980,asserted,,True,True,False,True,ref26,,True,True,https://openalex.org/W1522301498,,False,,skipped,False,False,,skipped,
10.1145/3539597.3570456,1412.6980,asserted,,True,True,False,True,e_1_3_2_2_22_1,,True,False,https://openalex.org/W1522301498,,False,,skipped,False,False,,skipped,
10.1145/3341162.3344854,1412.6980,asserted,,True,True,False,True,e_1_3_2_1_9_1,,True,False,https://openalex.org/W1522301498,,False,,skipped,False,False,,skipped,
10.1007/s10489-025-06465-7,1412.6980,asserted,,True,True,False,True,6465_CR46,,True,False,https://openalex.org/W1522301498,,False,,skipped,False,False,,skipped,
10.1101/616060,1412.6980,asserted,,True,True,False,True,2019051712393240000_616060v2.28,,True,True,https://openalex.org/W1522301498,,False,,skipped,False,False,,skipped,
10.1109/tmi.2025.3540211,1412.6980,asserted,,True,True,False,True,ref48,,True,True,https://openalex.org/W1522301498,,False,,skipped,False,False,,skipped,
10.1007/978-981-33-4968-1_3,1412.6980,asserted,,True,True,False,True,3_CR16,,True,False,https://openalex.org/W1522301498,,False,,skipped,False,False,,skipped,
10.1109/access.2023.3254539,1412.6980,asserted,,True,True,False,True,ref46,,True,True,https://openalex.org/W1522301498,,False,,skipped,False,False,,skipped,
10.1016/j.cmpb.2021.106192,1412.6980,asserted,,True,True,False,True,10.1016/j.cmpb.2021.106192_bib0047,,True,False,https://openalex.org/W1522301498,,False,,skipped,False,False,,skipped,
10.1145/3535508.3545521,1412.6980,asserted,,True,True,False,True,e_1_3_2_1_16_1,,True,True,https://openalex.org/W1522301498,,False,,skipped,False,False,,skipped,
10.1145/3461702.3462517,1412.6980,asserted,,True,True,False,True,e_1_3_2_2_29_1,,True,False,https://openalex.org/W1522301498,,False,,skipped,False,False,,skipped,
10.1145/3342999.3343001,1412.6980,asserted,,True,True,False,True,e_1_3_2_1_30_1,,True,False,https://openalex.org/W1522301498,,False,,skipped,False,False,,skipped,
10.30932/1992-3252-2019-17-3-6-15,1412.6980,asserted,,True,True,False,True,ref9,,True,False,https://openalex.org/W1522301498,,False,,skipped,False,False,,skipped,
10.1145/3355089.3356522,1412.6980,asserted,,True,True,False,True,e_1_2_2_24_1,,True,False,https://openalex.org/W1522301498,,False,,skipped,False,False,,skipped,
10.33286/2075-8693-2021-50-29-42,1412.6980,asserted,,True,True,False,True,ref24,,True,False,https://openalex.org/W1522301498,,False,,skipped,False,False,,skipped,
10.1111/mice.12440,1412.6980,asserted,,True,True,False,True,e_1_2_8_25_1,,True,False,https://openalex.org/W1522301498,,False,,skipped,False,False,,skipped,
10.1109/access.2024.3504724,1412.6980,asserted,,True,True,False,True,ref47,,True,False,https://openalex.org/W1522301498,,False,,skipped,False,False,,skipped,
10.1007/978-3-031-72751-1_5,1412.6980,asserted,,True,True,False,True,5_CR18,,True,False,https://openalex.org/W1522301498,,False,,skipped,False,False,,skipped,
10.1145/3366423.3380289,1412.6980,asserted,,True,True,False,True,e_1_3_2_1_20_1,,True,False,https://openalex.org/W1522301498,,False,,skipped,False,False,,skipped,
10.1109/lcsys.2025.3631576,1412.6980,asserted,,True,True,False,True,ref32,,True,False,https://openalex.org/W1522301498,,False,,skipped,False,False,,skipped,
10.1371/journal.pone.0257256,1412.6980,asserted,,True,True,False,True,pone.0257256.ref047,,True,False,https://openalex.org/W1522301498,,False,,skipped,False,False,,skipped,
10.1186/s13040-025-00425-0,1412.6980,asserted,,True,True,False,True,425_CR104,,True,False,https://openalex.org/W1522301498,,False,,skipped,False,False,,skipped,
10.1109/access.2021.3113055,1412.6980,asserted,,True,True,False,True,ref37,,True,True,https://openalex.org/W1522301498,,False,,skipped,False,False,,skipped,
10.1007/s00521-024-09455-x,1412.6980,asserted,,True,True,False,True,9455_CR71,,True,False,https://openalex.org/W1522301498,,False,,skipped,False,False,,skipped,
10.1038/s41598-025-88139-5,1412.6980,asserted,,True,True,False,True,88139_CR65,,True,False,https://openalex.org/W1522301498,,False,,skipped,False,False,,skipped,
10.1007/s13369-025-10146-5,1412.6980,asserted,publisher,True,True,True,False,10146_CR25,,True,False,https://openalex.org/W1522301498,,False,,skipped,False,False,,skipped,
10.1109/tip.2024.3404241,1412.6980,asserted,,True,True,False,True,ref67,,True,True,https://openalex.org/W1522301498,,False,,skipped,False,False,,skipped,
10.1109/tnnls.2024.3353795,1412.6980,asserted,,True,True,False,True,ref23,,True,True,https://openalex.org/W1522301498,,False,,skipped,False,False,,skipped,
10.1007/978-981-99-3592-5_11,1412.6980,asserted,,True,True,False,True,11_CR16,,True,False,https://openalex.org/W1522301498,,False,,skipped,False,False,,skipped,
10.1145/3299869.3324957,1412.6980,asserted,,True,True,False,True,e_1_3_2_1_45_1,,True,True,https://openalex.org/W1522301498,,False,,skipped,False,False,,skipped,
10.1088/2632-2153/adf376,1412.6980,asserted,publisher,True,True,True,False,mlstadf376bib35,,True,False,https://openalex.org/W1522301498,,False,,skipped,False,False,,skipped,
10.1364/oe.547918,1412.6980,asserted,publisher,True,True,True,False,oe-33-4-7684-R58,,True,False,https://openalex.org/W1522301498,,False,,skipped,False,False,,skipped,
10.21203/rs.3.rs-6322741/v1,1412.6980,asserted,,True,True,False,True,ref8,,True,True,https://openalex.org/W1522301498,,False,,skipped,False,False,,skipped,
10.1145/3411764.3445117,1412.6980,asserted,,True,True,False,True,e_1_3_2_2_20_1,,True,False,https://openalex.org/W1522301498,,False,,skipped,False,False,,skipped,
10.1111/jori.12501,1412.6980,asserted,,True,True,False,True,e_1_2_11_32_1,,True,False,https://openalex.org/W1522301498,,False,,skipped,False,False,,skipped,
10.1007/978-3-031-70359-1_21,1412.6980,asserted,,True,True,False,True,21_CR31,,True,False,https://openalex.org/W1522301498,,False,,skipped,False,False,,skipped,
10.1061/9780784482865.040,1412.6980,asserted,,True,True,False,True,e_1_4_2_1_9_1,,True,True,https://openalex.org/W1522301498,,False,,skipped,False,False,,skipped,
10.15701/kcgs.2023.29.4.17,1412.6980,asserted,,True,True,False,True,key2.0230907030829e+13_B27,,True,False,https://openalex.org/W1522301498,,False,,skipped,False,False,,skipped,
10.1109/tnnls.2024.3359852,1412.6980,asserted,,True,True,False,True,ref57,,True,True,https://openalex.org/W1522301498,,False,,skipped,False,False,,skipped,
10.1007/978-3-030-60639-8_1,1412.6980,asserted,,True,True,False,True,1_CR11,,True,False,https://openalex.org/W1522301498,,False,,skipped,False,False,,skipped,
10.1007/978-3-030-59861-7_41,1412.6980,asserted,,True,True,False,True,41_CR9,,True,False,https://openalex.org/W1522301498,,False,,skipped,False,False,,skipped,
10.1101/2020.12.25.424404,1412.6980,asserted,,True,True,False,True,2024080506302083000_2020.12.25.424404v1.32,,True,False,https://openalex.org/W1522301498,,False,,skipped,False,False,,skipped,
10.3389/fpsyg.2025.1506320,1412.6980,asserted,,True,True,False,True,B16,,True,True,https://openalex.org/W1522301498,,False,,skipped,False,False,,skipped,
10.1145/3427771.3429390,1412.6980,asserted,,True,True,False,True,e_1_3_2_1_14_1,,True,False,https://openalex.org/W1522301498,,False,,skipped,False,False,,skipped,
10.1111/mice.12559,1412.6980,asserted,,True,True,False,True,e_1_2_7_25_1,,True,False,https://openalex.org/W1522301498,,False,,skipped,False,False,,skipped,
10.1007/978-981-96-4279-3_10,1412.6980,asserted,,True,True,False,True,10_CR24,,True,False,https://openalex.org/W1522301498,,False,,skipped,False,False,,skipped,
10.1007/s10921-021-00761-1,1412.6980,asserted,,True,True,False,True,761_CR35,,True,False,https://openalex.org/W1522301498,,False,,skipped,False,False,,skipped,
10.5194/wes-10-1979-2025,1412.6980,asserted,,True,True,False,True,ref40,,True,False,https://openalex.org/W1522301498,,False,,skipped,False,False,,skipped,
10.1007/s10032-024-00508-4,1412.6980,asserted,,True,True,False,True,508_CR49,,True,False,https://openalex.org/W1522301498,,False,,skipped,False,False,,skipped,
10.1109/jiot.2024.3378779,1412.6980,asserted,,True,True,False,True,ref37,,True,True,https://openalex.org/W1522301498,,False,,skipped,False,False,,skipped,
10.1007/978-3-031-00126-0_12,1412.6980,asserted,,True,True,False,True,12_CR20,,True,False,https://openalex.org/W1522301498,,False,,skipped,False,False,,skipped,
10.3390/app11093802,1412.6980,asserted,,True,True,False,True,ref_50,,True,False,https://openalex.org/W1522301498,,False,,skipped,False,False,,skipped,
10.1007/s42979-025-04251-3,1412.6980,asserted,publisher,True,True,True,False,4251_CR13,,True,False,https://openalex.org/W1522301498,,False,,skipped,False,False,,skipped,
10.1007/978-981-99-7434-4_128,1412.6980,asserted,,True,True,False,True,128_CR9,,True,False,https://openalex.org/W1522301498,,False,,skipped,False,False,,skipped,
10.1016/j.oceaneng.2024.118927,1412.6980,asserted,,True,True,False,True,10.1016/j.oceaneng.2024.118927_bib22,,True,True,https://openalex.org/W1522301498,,False,,skipped,False,False,,skipped,
10.1007/978-3-031-31417-9_51,1412.6980,asserted,,True,True,False,True,51_CR19,,True,False,https://openalex.org/W1522301498,,False,,skipped,False,False,,skipped,
10.1038/s41592-019-0403-1,1412.6980,asserted,,True,True,False,True,403_CR174,,True,False,https://openalex.org/W1522301498,,False,,skipped,False,False,,skipped,
10.1140/epjc/s10052-024-12399-0,1412.6980,asserted,,True,True,False,True,12399_CR45,,True,False,https://openalex.org/W1522301498,,False,,skipped,False,False,,skipped,
10.1002/app.53108,1412.6980,asserted,,True,True,False,True,e_1_2_11_41_1,,True,False,https://openalex.org/W1522301498,,False,,skipped,False,False,,skipped,
10.1007/s11053-025-10555-1,1412.6980,asserted,,True,True,False,True,10555_CR50,,True,False,https://openalex.org/W1522301498,,False,,skipped,False,False,,skipped,
10.1140/epjc/s10052-020-8030-7,1412.6980,asserted,,True,True,False,True,8030_CR98,,True,False,https://openalex.org/W1522301498,,False,,skipped,False,False,,skipped,
10.1007/s00234-022-03023-7,1412.6980,asserted,,True,True,False,True,3023_CR8,,True,False,https://openalex.org/W1522301498,,False,,skipped,False,False,,skipped,
10.1038/s41467-023-39548-5,1412.6980,asserted,,True,True,False,True,39548_CR70,,True,False,https://openalex.org/W1522301498,,False,,skipped,False,False,,skipped,
10.1017/9781139879354.018,1412.6980,asserted,,True,True,False,True,9781139879354#bib1_r84,,True,False,https://openalex.org/W1522301498,,False,,skipped,False,False,,skipped,
10.1061/(asce)st.1943-541x.0002802,1412.6980,asserted,,True,True,False,True,e_1_3_3_48_1,,True,True,https://openalex.org/W1522301498,,False,,skipped,False,False,,skipped,
10.1007/978-981-99-8819-8_1,1412.6980,asserted,,True,True,False,True,1_CR13,,True,False,https://openalex.org/W1522301498,,False,,skipped,False,False,,skipped,
10.1145/3461353.3461390,1412.6980,asserted,,True,True,False,True,e_1_3_2_1_12_1,,True,False,https://openalex.org/W1522301498,,False,,skipped,False,False,,skipped,
10.52825/ocp.v4i.2491,1412.6980,asserted,,True,True,False,True,49112,,True,True,https://openalex.org/W1522301498,,False,,skipped,False,False,,skipped,
10.1016/j.dib.2024.110821,1412.6980,asserted,,True,True,False,True,10.1016/j.dib.2024.110821_bib0014,,True,False,https://openalex.org/W1522301498,,False,,skipped,False,False,,skipped,
10.1007/s11263-021-01519-y,1412.6980,asserted,,True,True,False,True,1519_CR30,,True,True,https://openalex.org/W1522301498,,False,,skipped,False,False,,skipped,
10.1007/978-3-030-32381-3_21,1412.6980,asserted,,True,True,False,True,21_CR12,,True,False,https://openalex.org/W1522301498,,False,,skipped,False,False,,skipped,
10.1016/j.neucom.2020.11.002,1412.6980,asserted,,True,True,False,True,10.1016/j.neucom.2020.11.002_b0165,,True,False,https://openalex.org/W1522301498,,False,,skipped,False,False,,skipped,
10.1016/j.eswa.2021.116136,1412.6980,asserted,,True,True,False,True,10.1016/j.eswa.2021.116136_b0205,,True,False,https://openalex.org/W1522301498,,False,,skipped,False,False,,skipped,
10.1140/epjc/s10052-023-12356-3,1412.6980,asserted,,True,True,False,True,12356_CR76,,True,False,https://openalex.org/W1522301498,,False,,skipped,False,False,,skipped,
10.1145/3604951.3605522,1412.6980,asserted,,True,True,False,True,e_1_3_2_1_10_1,,True,False,https://openalex.org/W1522301498,,False,,skipped,False,False,,skipped,
10.1145/3308558.3313463,1412.6980,asserted,,True,True,False,True,e_1_3_2_1_11_1,,True,False,https://openalex.org/W1522301498,,False,,skipped,False,False,,skipped,
10.1186/s13634-023-01092-1,1412.6980,asserted,,True,True,False,True,1092_CR34,,True,False,https://openalex.org/W1522301498,,False,,skipped,False,False,,skipped,
10.1007/978-3-030-58571-6_14,1412.6980,asserted,,True,True,False,True,14_CR23,,True,False,https://openalex.org/W1522301498,,False,,skipped,False,False,,skipped,
10.1038/s41467-021-22348-0,1412.6980,asserted,,True,True,False,True,22348_CR25,,True,False,https://openalex.org/W1522301498,,False,,skipped,False,False,,skipped,
10.1016/b978-0-12-822295-9.00011-x,1412.6980,asserted,,True,True,False,True,10.1016/B978-0-12-822295-9.00011-X_bib0055,,True,False,https://openalex.org/W1522301498,,False,,skipped,False,False,,skipped,
10.1145/3583780.3614760,1412.6980,asserted,,True,True,False,True,e_1_3_2_1_16_1,,True,False,https://openalex.org/W1522301498,,False,,skipped,False,False,,skipped,
10.1007/978-3-030-88210-5_24,1412.6980,asserted,,True,True,False,True,24_CR3,,True,False,https://openalex.org/W1522301498,,False,,skipped,False,False,,skipped,
10.1631/fitee.1800596,1412.6980,asserted,,True,True,False,True,1459_CR10,,True,False,https://openalex.org/W1522301498,,False,,skipped,False,False,,skipped,
10.1371/journal.pone.0310417,1412.6980,asserted,,True,True,False,True,pone.0310417.ref081,,True,False,https://openalex.org/W1522301498,,False,,skipped,False,False,,skipped,
10.5194/hess-27-83-2023,1412.6980,asserted,,True,True,False,True,ref28,,True,False,https://openalex.org/W1522301498,,False,,skipped,False,False,,skipped,
10.1007/s12161-024-02716-4,1412.6980,asserted,,True,True,False,True,2716_CR22,,True,False,https://openalex.org/W1522301498,,False,,skipped,False,False,,skipped,
10.1109/tim.2024.3384565,1412.6980,asserted,,True,True,False,True,ref36,,True,True,https://openalex.org/W1522301498,,False,,skipped,False,False,,skipped,
10.1007/978-3-030-31332-6_2,1412.6980,asserted,,True,True,False,True,2_CR15,,True,False,https://openalex.org/W1522301498,,False,,skipped,False,False,,skipped,
10.1016/j.eswa.2022.118790,1412.6980,asserted,,True,True,False,True,10.1016/j.eswa.2022.118790_b0110,,True,False,https://openalex.org/W1522301498,,False,,skipped,False,False,,skipped,
10.1016/j.neucom.2021.08.094,1412.6980,asserted,,True,True,False,True,10.1016/j.neucom.2021.08.094_b0230,,True,False,https://openalex.org/W1522301498,,False,,skipped,False,False,,skipped,
10.1016/j.compag.2021.106622,1412.6980,asserted,,True,True,False,True,10.1016/j.compag.2021.106622_b0080,,True,False,https://openalex.org/W1522301498,,False,,skipped,False,False,,skipped,
10.1145/3709026.3709066,1412.6980,asserted,,True,True,False,True,e_1_3_3_1_11_2,,True,False,https://openalex.org/W1522301498,,False,,skipped,False,False,,skipped,
10.1061/jcemd4.coeng-14919,1412.6980,asserted,,True,True,False,True,e_1_3_3_36_1,,True,True,https://openalex.org/W1522301498,,False,,skipped,False,False,,skipped,
10.1007/978-3-031-72761-0_14,1412.6980,asserted,,True,True,False,True,14_CR25,,True,False,https://openalex.org/W1522301498,,False,,skipped,False,False,,skipped,
10.1007/978-3-031-53311-2_5,1412.6980,asserted,,True,True,False,True,5_CR6,,True,False,https://openalex.org/W1522301498,,False,,skipped,False,False,,skipped,
10.9728/dcs.2025.26.2.339,1412.6980,asserted,publisher,True,True,True,False,10.9728/dcs.2025.26.2.339_ref19,,True,False,https://openalex.org/W1522301498,,False,,skipped,False,False,,skipped,
10.1007/978-3-030-87583-1_2,1412.6980,asserted,,True,True,False,True,2_CR12,,True,False,https://openalex.org/W1522301498,,False,,skipped,False,False,,skipped,
10.1021/acs.jcim.4c00634,1412.6980,asserted,publisher,True,True,True,False,ref73/cit73,,True,False,https://openalex.org/W1522301498,,False,,skipped,False,False,,skipped,
10.1145/3498718,1412.6980,asserted,,True,True,False,True,e_1_2_2_31_1,,True,False,https://openalex.org/W1522301498,,False,,skipped,False,False,,skipped,
10.1109/tgrs.2025.3538829,1412.6980,asserted,,True,True,False,True,ref85,,True,False,https://openalex.org/W1522301498,,False,,skipped,False,False,,skipped,
10.1107/s2052252524006766,1412.6980,asserted,,True,True,False,True,zx5030_bb26,,True,False,https://openalex.org/W1522301498,,False,,skipped,False,False,,skipped,
10.1017/9781139879354.004,1412.6980,asserted,,True,True,False,True,9781139879354#bib1_r84,,True,False,https://openalex.org/W1522301498,,False,,skipped,False,False,,skipped,
10.1007/978-3-031-35051-1_12,1412.6980,asserted,,True,True,False,True,12_CR12,,True,False,https://openalex.org/W1522301498,,False,,skipped,False,False,,skipped,
10.1145/3488560.3498407,1412.6980,asserted,,True,True,False,True,e_1_3_2_2_27_1,,True,False,https://openalex.org/W1522301498,,False,,skipped,False,False,,skipped,
10.1145/3472714.3473624,1412.6980,asserted,,True,True,False,True,e_1_3_2_1_12_1,,True,True,https://openalex.org/W1522301498,,False,,skipped,False,False,,skipped,
10.1186/s13040-024-00406-9,1412.6980,asserted,,True,True,False,True,406_CR46,,True,False,https://openalex.org/W1522301498,,False,,skipped,False,False,,skipped,
10.1145/3450439.3451870,1412.6980,asserted,,True,True,False,True,e_1_3_2_1_19_1,,True,False,https://openalex.org/W1522301498,,False,,skipped,False,False,,skipped,
10.1016/j.ptlrs.2024.09.001,1412.6980,asserted,,True,True,False,True,10.1016/j.ptlrs.2024.09.001_bib21,,True,True,https://openalex.org/W1522301498,,False,,skipped,False,False,,skipped,
10.1109/tgrs.2021.3123122,1412.6980,asserted,,True,True,False,True,ref67,,True,False,https://openalex.org/W1522301498,,False,,skipped,False,False,,skipped,
10.1007/s00371-023-02912-z,1412.6980,asserted,,True,True,False,True,2912_CR29,,True,False,https://openalex.org/W1522301498,,False,,skipped,False,False,,skipped,
10.1121/10.0017320,1412.6980,asserted,,True,True,False,True,2023081022062471200_c27,,True,False,https://openalex.org/W1522301498,,False,,skipped,False,False,,skipped,
10.1007/978-981-96-9869-1_39,1412.6980,asserted,,True,True,False,True,39_CR22,,True,False,https://openalex.org/W1522301498,,False,,skipped,False,False,,skipped,
10.1007/s11760-021-02065-3,1412.6980,asserted,,True,True,False,True,2065_CR14,,True,False,https://openalex.org/W1522301498,,False,,skipped,False,False,,skipped,
10.1007/978-3-030-32248-9_46,1412.6980,asserted,,True,True,False,True,46_CR7,,True,False,https://openalex.org/W1522301498,,False,,skipped,False,False,,skipped,
10.1016/j.ymeth.2022.06.004,1412.6980,asserted,,True,True,False,True,10.1016/j.ymeth.2022.06.004_b0170,,True,False,https://openalex.org/W1522301498,,False,,skipped,False,False,,skipped,
10.1145/3569583,1412.6980,asserted,,True,True,False,True,e_1_3_2_24_2,,True,True,https://openalex.org/W1522301498,,False,,skipped,False,False,,skipped,
10.1145/3539597.3570445,1412.6980,asserted,,True,True,False,True,e_1_3_2_2_18_1,,True,False,https://openalex.org/W1522301498,,False,,skipped,False,False,,skipped,
10.1117/12.2512633,1412.6980,asserted,,True,True,False,True,c8,,True,True,https://openalex.org/W1522301498,,False,,skipped,False,False,,skipped,
10.1002/jmri.25842,1412.6980,asserted,,True,True,False,True,e_1_2_6_21_1,,True,False,https://openalex.org/W1522301498,,False,,skipped,False,False,,skipped,
10.1109/tgrs.2021.3133454,1412.6980,asserted,,True,True,False,True,ref51,,True,True,https://openalex.org/W1522301498,,False,,skipped,False,False,,skipped,
10.1190/geo2023-0435.1,1412.6980,asserted,publisher,True,True,False,False,,,True,False,https://openalex.org/W1522301498,,False,,skipped,False,False,,skipped,
10.1007/978-981-97-3626-3_17,1412.6980,asserted,,True,True,False,True,17_CR23,,True,False,https://openalex.org/W1522301498,,False,,skipped,False,False,,skipped,
10.1007/978-981-15-9129-7_30,1412.6980,asserted,,True,True,False,True,30_CR9,,True,False,https://openalex.org/W1522301498,,False,,skipped,False,False,,skipped,
10.1631/fitee.1800469,1412.6980,asserted,,True,True,False,True,1384_CR23,,True,False,https://openalex.org/W1522301498,,False,,skipped,False,False,,skipped,
10.1038/s41467-025-62824-5,1412.6980,asserted,,True,True,False,True,62824_CR92,,True,False,https://openalex.org/W1522301498,,False,,skipped,False,False,,skipped,
10.3389/fnhum.2024.1394107,1412.6980,asserted,publisher,True,True,True,False,B28,,True,False,https://openalex.org/W1522301498,,False,,skipped,False,False,,skipped,
10.1109/access.2024.3487901,1412.6980,asserted,,True,True,False,True,ref52,,True,True,https://openalex.org/W1522301498,,False,,skipped,False,False,,skipped,
10.1007/978-3-030-37334-4_14,1412.6980,asserted,,True,True,False,True,14_CR14,,True,False,https://openalex.org/W1522301498,,False,,skipped,False,False,,skipped,
10.1007/978-3-031-81241-5_10,1412.6980,asserted,publisher,True,True,True,False,10_CR21,,True,False,https://openalex.org/W1522301498,,False,,skipped,False,False,,skipped,
10.1080/17538947.2023.2210312,1412.6980,asserted,,True,True,False,True,e_1_3_3_42_1,,True,True,https://openalex.org/W1522301498,,False,,skipped,False,False,,skipped,
10.1007/978-3-030-88552-6_9,1412.6980,asserted,,True,True,False,True,9_CR12,,True,False,https://openalex.org/W1522301498,,False,,skipped,False,False,,skipped,
10.1016/j.cmpb.2024.108392,1412.6980,asserted,,True,True,False,True,10.1016/j.cmpb.2024.108392_bib0029,,True,False,https://openalex.org/W1522301498,,False,,skipped,False,False,,skipped,
10.1109/tcsvt.2025.3571012,1412.6980,asserted,,True,True,False,True,ref19,,True,False,https://openalex.org/W1522301498,,False,,skipped,False,False,,skipped,
10.1145/3562007.3562026,1412.6980,asserted,,True,True,False,True,e_1_3_2_1_10_1,,True,False,https://openalex.org/W1522301498,,False,,skipped,False,False,,skipped,
10.1145/3340531.3411895,1412.6980,asserted,,True,True,False,True,e_1_3_2_2_12_1,,True,False,https://openalex.org/W1522301498,,False,,skipped,False,False,,skipped,
10.1007/978-3-319-94463-0_3,1412.6980,asserted,,True,True,False,True,3_CR241,,True,True,https://openalex.org/W1522301498,,False,,skipped,False,False,,skipped,
10.1145/3447548.3467330,1412.6980,asserted,,True,True,False,True,e_1_3_2_1_10_1,,True,False,https://openalex.org/W1522301498,,False,,skipped,False,False,,skipped,
10.1007/978-981-97-3299-9_43,1412.6980,asserted,,True,True,False,True,43_CR12,,True,False,https://openalex.org/W1522301498,,False,,skipped,False,False,,skipped,
10.1109/tip.2022.3207024,1412.6980,asserted,,True,True,False,True,ref42,,True,True,https://openalex.org/W1522301498,,False,,skipped,False,False,,skipped,
10.1145/3581783.3612140,1412.6980,asserted,,True,True,False,True,e_1_3_2_2_35_1,,True,False,https://openalex.org/W1522301498,,False,,skipped,False,False,,skipped,
10.4018/978-1-6684-2304-2.ch004,1412.6980,asserted,,True,True,False,True,978-1-6684-2304-2.ch004.-30,,True,False,https://openalex.org/W1522301498,,False,,skipped,False,False,,skipped,
10.1299/transjsme.21-00230,1412.6980,asserted,,True,True,False,True,6,,True,False,https://openalex.org/W1522301498,,False,,skipped,False,False,,skipped,
10.1007/s11227-025-07413-5,1412.6980,asserted,,True,True,False,True,7413_CR26,,True,False,https://openalex.org/W1522301498,,False,,skipped,False,False,,skipped,
10.1073/pnas.1915841117,1412.6980,asserted,,True,True,False,True,e_1_3_4_75_2,,True,False,https://openalex.org/W1522301498,,False,,skipped,False,False,,skipped,
10.1145/3652583.3658054,1412.6980,asserted,,True,True,False,True,e_1_3_2_1_18_1,,True,False,https://openalex.org/W1522301498,,False,,skipped,False,False,,skipped,
10.14504/ajr.8.s1.1,1412.6980,asserted,,True,True,False,True,bibr39-ajr.8.S1.1,,True,False,https://openalex.org/W1522301498,,False,,skipped,False,False,,skipped,
10.1061/jpeodx.pveng-1409,1412.6980,asserted,,True,True,False,True,e_1_3_4_35_1,,True,True,https://openalex.org/W1522301498,,False,,skipped,False,False,,skipped,
10.1007/978-3-319-70096-0_51,1412.6980,asserted,,True,True,False,True,51_CR28,,True,False,https://openalex.org/W1522301498,,False,,skipped,False,False,,skipped,
10.1038/s42256-019-0095-3,1412.6980,asserted,,True,True,False,True,95_CR50,,False,False,https://openalex.org/W1522301498,citing_not_found,False,,skipped,False,False,,skipped,
10.1007/s10462-024-10862-8,1412.6980,asserted,,True,True,False,True,10862_CR30,,True,False,https://openalex.org/W1522301498,,False,,skipped,False,False,,skipped,
10.1145/3366785,1412.6980,asserted,,True,True,False,True,e_1_2_2_18_1,,True,False,https://openalex.org/W1522301498,,False,,skipped,False,False,,skipped,
10.1007/978-3-031-92089-9_15,1412.6980,asserted,,True,True,False,True,15_CR27,,True,False,https://openalex.org/W1522301498,,False,,skipped,False,False,,skipped,
10.1007/s11802-022-4930-5,1412.6980,asserted,,True,True,False,True,4930_CR7,,True,False,https://openalex.org/W1522301498,,False,,skipped,False,False,,skipped,
10.1038/s41467-024-50955-0,1412.6980,asserted,,True,True,False,True,50955_CR56,,True,False,https://openalex.org/W1522301498,,False,,skipped,False,False,,skipped,
10.1186/s13636-023-00273-y,1412.6980,asserted,,True,True,False,True,273_CR54,,True,False,https://openalex.org/W1522301498,,False,,skipped,False,False,,skipped,
10.1016/j.euromechflu.2025.204417,1412.6980,asserted,,True,True,False,True,10.1016/j.euromechflu.2025.204417_bib60,,True,False,https://openalex.org/W1522301498,,False,,skipped,False,False,,skipped,
10.1007/s10596-021-10088-5,1412.6980,asserted,,True,True,False,True,10088_CR32,,True,False,https://openalex.org/W1522301498,,False,,skipped,False,False,,skipped,
10.1038/s42256-023-00756-9,1412.6980,asserted,publisher,True,True,True,False,756_CR53,,True,False,https://openalex.org/W1522301498,,False,,skipped,False,False,,skipped,
10.1038/s41467-020-14391-0,1412.6980,asserted,,True,True,False,True,14391_CR46,,True,False,https://openalex.org/W1522301498,,False,,skipped,False,False,,skipped,
10.1109/access.2023.3246266,1412.6980,asserted,,True,True,False,True,ref38,,True,True,https://openalex.org/W1522301498,,False,,skipped,False,False,,skipped,
10.1016/j.image.2024.117133,1412.6980,asserted,,True,True,False,True,10.1016/j.image.2024.117133_bib0006,,True,True,https://openalex.org/W1522301498,,False,,skipped,False,False,,skipped,
10.1109/iaecst60924.2023.10503335,1412.6980,asserted,,True,True,False,True,ref12,,True,True,https://openalex.org/W1522301498,,False,,skipped,False,False,,skipped,
10.1145/3442381.3450047,1412.6980,asserted,,True,True,False,True,e_1_3_2_1_18_1,,True,False,https://openalex.org/W1522301498,,False,,skipped,False,False,,skipped,
10.1007/s00521-023-09328-9,1412.6980,asserted,,True,True,False,True,9328_CR66,,True,False,https://openalex.org/W1522301498,,False,,skipped,False,False,,skipped,
10.1177/1468087419879002,1412.6980,asserted,,True,True,False,True,bibr47-1468087419879002,,True,False,https://openalex.org/W1522301498,,False,,skipped,False,False,,skipped,
10.1145/3637528.3671642,1412.6980,asserted,,True,True,False,True,e_1_3_2_1_30_1,,True,False,https://openalex.org/W1522301498,,False,,skipped,False,False,,skipped,
10.3389/fmats.2023.1128954,1412.6980,asserted,publisher,True,True,True,False,B34,,True,False,https://openalex.org/W1522301498,,False,,skipped,False,False,,skipped,
10.1145/3360594,1412.6980,asserted,,True,True,False,True,e_1_2_2_18_1,,True,False,https://openalex.org/W1522301498,,False,,skipped,False,False,,skipped,
10.1016/j.ifacol.2024.08.574,1412.6980,asserted,,True,True,False,True,10.1016/j.ifacol.2024.08.574_bib11,,True,False,https://openalex.org/W1522301498,,False,,skipped,False,False,,skipped,
10.1145/3197517.3201393,1412.6980,asserted,,True,True,False,True,e_1_2_2_21_1,,True,True,https://openalex.org/W1522301498,,False,,skipped,False,False,,skipped,
10.5194/tc-19-3193-2025,1412.6980,asserted,,True,True,False,True,ref87,,True,False,https://openalex.org/W1522301498,,False,,skipped,False,False,,skipped,
10.1145/3664647.3681055,1412.6980,asserted,,True,True,False,True,e_1_3_2_1_35_1,,True,False,https://openalex.org/W1522301498,,False,,skipped,False,False,,skipped,
10.1109/jsen.2025.3545076,1412.6980,asserted,,True,True,False,True,ref52,,True,False,https://openalex.org/W1522301498,,False,,skipped,False,False,,skipped,
10.1007/978-3-030-58523-5_45,1412.6980,asserted,,True,True,False,True,45_CR17,,True,False,https://openalex.org/W1522301498,,False,,skipped,False,False,,skipped,
10.1109/access.2025.3592652,1412.6980,asserted,,True,True,False,True,ref40,,True,True,https://openalex.org/W1522301498,,False,,skipped,False,False,,skipped,
10.1038/s41598-020-76740-9,1412.6980,asserted,,True,True,False,True,76740_CR75,,True,False,https://openalex.org/W1522301498,,False,,skipped,False,False,,skipped,
10.1007/s00521-024-09637-7,1412.6980,asserted,publisher,True,True,True,False,9637_CR52,,True,False,https://openalex.org/W1522301498,,False,,skipped,False,False,,skipped,
10.1016/j.isprsjprs.2021.10.016,1412.6980,asserted,,True,True,False,True,10.1016/j.isprsjprs.2021.10.016_b0130,,True,True,https://openalex.org/W1522301498,,False,,skipped,False,False,,skipped,
10.1007/s00371-023-03120-5,1412.6980,asserted,,True,True,False,True,3120_CR30,,True,False,https://openalex.org/W1522301498,,False,,skipped,False,False,,skipped,
10.1186/s13634-023-01062-7,1412.6980,asserted,,True,True,False,True,1062_CR78,,True,False,https://openalex.org/W1522301498,,False,,skipped,False,False,,skipped,
10.1145/3442442.3451373,1412.6980,asserted,,True,True,False,True,e_1_3_2_1_16_1,,True,False,https://openalex.org/W1522301498,,False,,skipped,False,False,,skipped,
10.1049/iet-rsn.2019.0436,1412.6980,asserted,,True,True,False,True,e_1_2_7_28_1,,True,True,https://openalex.org/W1522301498,,False,,skipped,False,False,,skipped,
10.1007/978-3-031-46338-9_20,1412.6980,asserted,,True,True,False,True,20_CR15,,True,False,https://openalex.org/W1522301498,,False,,skipped,False,False,,skipped,
10.1101/2023.10.18.562941,1412.6980,asserted,,True,True,False,True,2023120723100492000_2023.10.18.562941v2.48,,True,False,https://openalex.org/W1522301498,,False,,skipped,False,False,,skipped,
10.1007/s10032-021-00368-2,1412.6980,asserted,,True,True,False,True,368_CR35,,True,False,https://openalex.org/W1522301498,,False,,skipped,False,False,,skipped,
10.2967/jnumed.118.214320,1412.6980,asserted,,True,True,False,True,2021051712130812000_60.4.555.41,,True,False,https://openalex.org/W1522301498,,False,,skipped,False,False,,skipped,
10.1145/3325862,1412.6980,asserted,,True,True,False,True,e_1_2_2_32_1,,True,True,https://openalex.org/W1522301498,,False,,skipped,False,False,,skipped,
10.1145/3583780.3615496,1412.6980,asserted,,True,True,False,True,e_1_3_2_1_18_1,,True,False,https://openalex.org/W1522301498,,False,,skipped,False,False,,skipped,
10.1007/s00170-020-06160-6,1412.6980,asserted,,True,True,False,True,6160_CR48,,True,False,https://openalex.org/W1522301498,,False,,skipped,False,False,,skipped,
10.1007/978-3-030-32236-6_16,1412.6980,asserted,,True,True,False,True,16_CR4,,True,False,https://openalex.org/W1522301498,,False,,skipped,False,False,,skipped,
10.1007/s11227-025-07614-y,1412.6980,asserted,,True,True,False,True,7614_CR32,,True,False,https://openalex.org/W1522301498,,False,,skipped,False,False,,skipped,
10.1016/j.media.2024.103354,1412.6980,asserted,,True,True,False,True,10.1016/j.media.2024.103354_bib0038,,True,False,https://openalex.org/W1522301498,,False,,skipped,False,False,,skipped,
10.1007/s10409-022-22326-x,1412.6980,asserted,,True,True,False,True,22326_CR33,,True,False,https://openalex.org/W1522301498,,False,,skipped,False,False,,skipped,
10.1007/978-981-16-1781-2_66,1412.6980,asserted,,True,True,False,True,66_CR42,,True,False,https://openalex.org/W1522301498,,False,,skipped,False,False,,skipped,
10.1007/978-981-15-9323-9_35,1412.6980,asserted,,True,True,False,True,35_CR5,,True,True,https://openalex.org/W1522301498,,False,,skipped,False,False,,skipped,
10.1038/s41598-021-89414-x,1412.6980,asserted,,True,True,False,True,89414_CR45,,True,False,https://openalex.org/W1522301498,,False,,skipped,False,False,,skipped,
10.1021/acs.jctc.2c00115,1412.6980,asserted,,True,True,False,True,ref111/cit111,,True,False,https://openalex.org/W1522301498,,False,,skipped,False,False,,skipped,
10.1101/226530,1412.6980,asserted,,True,True,False,True,2019071810045879000_226530v3.24,,True,False,https://openalex.org/W1522301498,,False,,skipped,False,False,,skipped,
10.21203/rs.3.rs-4813013/v1,1412.6980,asserted,,True,True,False,True,ref29,,True,False,https://openalex.org/W1522301498,,False,,skipped,False,False,,skipped,
10.1002/mrm.30135,1412.6980,asserted,,True,True,False,True,e_1_2_9_32_1,,True,False,https://openalex.org/W1522301498,,False,,skipped,False,False,,skipped,
10.1017/jfm.2025.160,1412.6980,asserted,,True,True,False,True,S0022112025001600_ref11,,True,False,https://openalex.org/W1522301498,,False,,skipped,False,False,,skipped,
10.1080/08327823.2022.2103630,1412.6980,asserted,,True,True,False,True,CIT0039,,True,False,https://openalex.org/W1522301498,,False,,skipped,False,False,,skipped,
10.3233/ica-200635,1412.6980,asserted,,True,True,False,True,10.3233/ICA-200635_ref20,,True,False,https://openalex.org/W1522301498,,False,,skipped,False,False,,skipped,
10.1145/3544794.3558467,1412.6980,asserted,,True,True,False,True,e_1_3_2_1_12_1,,True,False,https://openalex.org/W1522301498,,False,,skipped,False,False,,skipped,
10.3934/mbe.2025059,1412.6980,asserted,,True,True,False,True,key-10.3934/mbe.2025059-37,,True,False,https://openalex.org/W1522301498,,False,,skipped,False,False,,skipped,
10.1145/3664647.3680579,1412.6980,asserted,,True,True,False,True,e_1_3_2_1_26_1,,True,False,https://openalex.org/W1522301498,,False,,skipped,False,False,,skipped,
10.1007/s00521-024-09708-9,1412.6980,asserted,,True,True,False,True,9708_CR25,,True,False,https://openalex.org/W1522301498,,False,,skipped,False,False,,skipped,
10.1007/s00202-025-03098-4,1412.6980,asserted,,True,True,False,True,3098_CR48,,True,False,https://openalex.org/W1522301498,,False,,skipped,False,False,,skipped,
10.1371/journal.pcbi.1010979,1412.6980,asserted,,True,True,False,True,pcbi.1010979.ref059,,True,False,https://openalex.org/W1522301498,,False,,skipped,False,False,,skipped,
10.1109/tnsre.2023.3260301,1412.6980,asserted,,True,True,False,True,ref46,,True,True,https://openalex.org/W1522301498,,False,,skipped,False,False,,skipped,
10.1175/mwr-d-22-0007.1,1412.6980,asserted,,True,True,False,True,bib37,,True,False,https://openalex.org/W1522301498,,False,,skipped,False,False,,skipped,
10.1145/3638554,1412.6980,asserted,,True,True,False,True,e_1_3_1_46_2,,True,False,https://openalex.org/W1522301498,,False,,skipped,False,False,,skipped,
10.1109/access.2025.3549102,1412.6980,asserted,,True,True,False,True,ref37,,True,False,https://openalex.org/W1522301498,,False,,skipped,False,False,,skipped,
10.1038/s41598-023-31942-9,1412.6980,asserted,,True,True,False,True,31942_CR48,,True,False,https://openalex.org/W1522301498,,False,,skipped,False,False,,skipped,
10.1007/978-3-031-47969-4_30,1412.6980,asserted,,True,True,False,True,30_CR23,,True,False,https://openalex.org/W1522301498,,False,,skipped,False,False,,skipped,
10.1145/3394171.3413775,1412.6980,asserted,,True,True,False,True,e_1_3_2_2_27_1,,True,False,https://openalex.org/W1522301498,,False,,skipped,False,False,,skipped,
10.1007/s00034-024-02631-3,1412.6980,asserted,,True,True,False,True,2631_CR22,,True,False,https://openalex.org/W1522301498,,False,,skipped,False,False,,skipped,
10.1109/access.2022.3192134,1412.6980,asserted,,True,True,False,True,ref52,,True,True,https://openalex.org/W1522301498,,False,,skipped,False,False,,skipped,
10.7554/elife.93695.3,1412.6980,asserted,,True,True,False,True,bib25,,True,False,https://openalex.org/W1522301498,,False,,skipped,False,False,,skipped,
10.7554/elife.99005.2,1412.6980,asserted,publisher,True,True,True,False,c56,,True,False,https://openalex.org/W1522301498,,False,,skipped,False,False,,skipped,
10.1109/tcsvt.2025.3540850,1412.6980,asserted,,True,True,False,True,ref71,,True,False,https://openalex.org/W1522301498,,False,,skipped,False,False,,skipped,
10.1007/s11633-022-1396-2,1412.6980,asserted,,True,True,False,True,1396_CR60,,True,False,https://openalex.org/W1522301498,,False,,skipped,False,False,,skipped,
10.1080/10106049.2022.2101695,1412.6980,asserted,,True,True,False,True,e_1_3_4_18_1,,True,True,https://openalex.org/W1522301498,,False,,skipped,False,False,,skipped,
10.1190/geo2022-0612.1,1412.6980,asserted,publisher,True,True,False,False,,,True,False,https://openalex.org/W1522301498,,False,,skipped,False,False,,skipped,
10.1007/s00530-024-01556-w,1412.6980,asserted,,True,True,False,True,1556_CR40,,True,False,https://openalex.org/W1522301498,,False,,skipped,False,False,,skipped,
10.1145/3341161.3342884,1412.6980,asserted,,True,True,False,True,e_1_3_2_1_23_1,,True,True,https://openalex.org/W1522301498,,False,,skipped,False,False,,skipped,
10.1007/978-3-030-04239-4_32,1412.6980,asserted,,True,True,False,True,32_CR11,,True,False,https://openalex.org/W1522301498,,False,,skipped,False,False,,skipped,
10.1080/23307706.2025.2469888,1412.6980,asserted,,True,True,False,True,e_1_3_2_13_1,,True,True,https://openalex.org/W1522301498,,False,,skipped,False,False,,skipped,
10.1002/stc.2943,1412.6980,asserted,,True,True,False,True,e_1_2_9_58_1,,True,False,https://openalex.org/W1522301498,,False,,skipped,False,False,,skipped,
10.1109/tgrs.2021.3069889,1412.6980,asserted,,True,True,False,True,ref52,,True,True,https://openalex.org/W1522301498,,False,,skipped,False,False,,skipped,
10.1007/978-3-030-52791-4_10,1412.6980,asserted,,True,True,False,True,10_CR15,,True,False,https://openalex.org/W1522301498,,False,,skipped,False,False,,skipped,
10.1007/s11571-025-10343-w,1412.6980,asserted,,True,True,False,True,10343_CR71,,True,False,https://openalex.org/W1522301498,,False,,skipped,False,False,,skipped,
10.1002/pro6.1242,1412.6980,asserted,,True,True,False,True,e_1_2_12_35_1,,True,False,https://openalex.org/W1522301498,,False,,skipped,False,False,,skipped,
10.1016/j.neucom.2019.11.083,1412.6980,asserted,,True,True,False,True,10.1016/j.neucom.2019.11.083_bib0031,,True,False,https://openalex.org/W1522301498,,False,,skipped,False,False,,skipped,
10.1016/j.eswa.2024.123525,1412.6980,asserted,,True,True,False,True,10.1016/j.eswa.2024.123525_b0165,,True,False,https://openalex.org/W1522301498,,False,,skipped,False,False,,skipped,
10.1016/j.ijmecsci.2024.109736,1412.6980,asserted,,True,True,False,True,10.1016/j.ijmecsci.2024.109736_bib0081,,True,False,https://openalex.org/W1522301498,,False,,skipped,False,False,,skipped,
10.11834/jig.220894,1412.6980,asserted,,True,True,False,True,9,,True,False,https://openalex.org/W1522301498,,False,,skipped,False,False,,skipped,
10.1155/2021/6671830,1412.6980,asserted,,True,True,False,True,e_1_2_13_21_2,,True,False,https://openalex.org/W1522301498,,False,,skipped,False,False,,skipped,
10.1021/acs.jcim.3c01339,1412.6980,asserted,,True,True,False,True,ref43/cit43,,True,False,https://openalex.org/W1522301498,,False,,skipped,False,False,,skipped,
10.1177/1475921720927488,1412.6980,asserted,,True,True,False,True,bibr26-1475921720927488,,True,False,https://openalex.org/W1522301498,,False,,skipped,False,False,,skipped,
10.1007/978-3-030-72792-5_31,1412.6980,asserted,,True,True,False,True,31_CR53,,True,False,https://openalex.org/W1522301498,,False,,skipped,False,False,,skipped,
10.1007/978-3-319-59147-6_43,1412.6980,asserted,,True,True,False,True,43_CR10,,True,True,https://openalex.org/W1522301498,,False,,skipped,False,False,,skipped,
10.1007/s00521-024-10732-y,1412.6980,asserted,publisher,True,True,True,False,10732_CR58,,True,False,https://openalex.org/W1522301498,,False,,skipped,False,False,,skipped,
10.1002/cjce.25514,1412.6980,asserted,,True,True,False,True,e_1_2_10_32_1,,True,False,https://openalex.org/W1522301498,,False,,skipped,False,False,,skipped,
10.1007/978-3-031-93703-3_1,1412.6980,asserted,,True,True,False,True,1_CR10,,True,False,https://openalex.org/W1522301498,,False,,skipped,False,False,,skipped,
10.3130/aijs.85.1565,1412.6980,asserted,,True,True,False,True,29,,True,False,https://openalex.org/W1522301498,,False,,skipped,False,False,,skipped,
10.1016/j.apacoust.2020.107413,1412.6980,asserted,,True,True,False,True,10.1016/j.apacoust.2020.107413_b0045,,True,False,https://openalex.org/W1522301498,,False,,skipped,False,False,,skipped,
10.1145/3404555.3404618,1412.6980,asserted,,True,True,False,True,e_1_3_2_1_26_1,,True,True,https://openalex.org/W1522301498,,False,,skipped,False,False,,skipped,
10.1109/tcsvt.2023.3295087,1412.6980,asserted,,True,True,False,True,ref47,,True,False,https://openalex.org/W1522301498,,False,,skipped,False,False,,skipped,
10.1186/s13636-024-00339-5,1412.6980,asserted,,True,True,False,True,339_CR37,,True,False,https://openalex.org/W1522301498,,False,,skipped,False,False,,skipped,
10.1016/j.compgeo.2025.107055,1412.6980,asserted,,True,True,False,True,10.1016/j.compgeo.2025.107055_b0115,,True,False,https://openalex.org/W1522301498,,False,,skipped,False,False,,skipped,
10.1038/s41698-024-00560-7,1412.6980,asserted,,True,True,False,True,560_CR41,,True,False,https://openalex.org/W1522301498,,False,,skipped,False,False,,skipped,
10.1007/978-3-031-72378-0_47,1412.6980,asserted,,True,True,False,True,47_CR11,,True,False,https://openalex.org/W1522301498,,False,,skipped,False,False,,skipped,
10.1016/j.cmpb.2020.105925,1412.6980,asserted,,True,True,False,True,10.1016/j.cmpb.2020.105925_bib0039,,True,False,https://openalex.org/W1522301498,,False,,skipped,False,False,,skipped,
10.1007/s00521-024-09618-w,1412.6980,asserted,,True,True,False,True,9618_CR47,,True,False,https://openalex.org/W1522301498,,False,,skipped,False,False,,skipped,
10.1038/s41591-020-0931-3,1412.6980,asserted,,True,True,False,True,931_CR24,,True,False,https://openalex.org/W1522301498,,False,,skipped,False,False,,skipped,
10.1007/978-3-030-58604-1_27,1412.6980,asserted,,True,True,False,True,27_CR25,,True,False,https://openalex.org/W1522301498,,False,,skipped,False,False,,skipped,
10.3389/fpubh.2022.886958,1412.6980,asserted,publisher,True,True,True,False,B36,,True,False,https://openalex.org/W1522301498,,False,,skipped,False,False,,skipped,
10.1145/3746027.3754952,1412.6980,asserted,,True,True,False,True,e_1_3_2_1_16_1,,True,False,https://openalex.org/W1522301498,,False,,skipped,False,False,,skipped,
10.1007/s11044-022-09816-1,1412.6980,asserted,,True,True,False,True,9816_CR42,,True,False,https://openalex.org/W1522301498,,False,,skipped,False,False,,skipped,
10.1007/s10489-020-02156-7,1412.6980,asserted,,True,True,False,True,2156_CR53,,True,True,https://openalex.org/W1522301498,,False,,skipped,False,False,,skipped,
10.1063/5.0245113,1412.6980,asserted,,True,True,False,True,2025010216020804200_c74,,True,True,https://openalex.org/W1522301498,,False,,skipped,False,False,,skipped,
10.1111/cgf.13513,1412.6980,asserted,,True,True,False,True,e_1_2_9_24_2,,True,False,https://openalex.org/W1522301498,,False,,skipped,False,False,,skipped,
10.1088/1361-6501/ad11e9,1412.6980,asserted,publisher,True,True,True,False,mstad11e9bib42,,True,False,https://openalex.org/W1522301498,,False,,skipped,False,False,,skipped,
10.1007/978-3-031-07322-9_43,1412.6980,asserted,,True,True,False,True,43_CR16,,True,False,https://openalex.org/W1522301498,,False,,skipped,False,False,,skipped,
10.1101/2024.02.13.580100,1412.6980,asserted,publisher,True,True,True,False,2025040906451447000_2024.02.13.580100v3.40,,True,False,https://openalex.org/W1522301498,,False,,skipped,False,False,,skipped,
10.1007/978-981-99-8101-4_5,1412.6980,asserted,,True,True,False,True,5_CR20,,True,False,https://openalex.org/W1522301498,,False,,skipped,False,False,,skipped,
10.1109/tgrs.2021.3127580,1412.6980,asserted,,True,True,False,True,ref55,,True,True,https://openalex.org/W1522301498,,False,,skipped,False,False,,skipped,
10.1007/s43069-024-00322-y,1412.6980,asserted,publisher,True,True,True,False,322_CR36,,True,False,https://openalex.org/W1522301498,,False,,skipped,False,False,,skipped,
10.1007/978-981-19-0840-8_61,1412.6980,asserted,,True,True,False,True,61_CR20,,True,False,https://openalex.org/W1522301498,,False,,skipped,False,False,,skipped,
10.1007/978-3-032-03708-4_6,1412.6980,asserted,,True,True,False,True,6_CR5,,True,False,https://openalex.org/W1522301498,,False,,skipped,False,False,,skipped,
10.1007/978-981-99-8543-2_23,1412.6980,asserted,,True,True,False,True,23_CR12,,True,False,https://openalex.org/W1522301498,,False,,skipped,False,False,,skipped,
10.1016/j.cmpb.2019.06.019,1412.6980,asserted,,True,True,False,True,10.1016/j.cmpb.2019.06.019_bib0032,,True,False,https://openalex.org/W1522301498,,False,,skipped,False,False,,skipped,
10.1038/s41598-020-74419-9,1412.6980,asserted,,True,True,False,True,74419_CR45,,True,False,https://openalex.org/W1522301498,,False,,skipped,False,False,,skipped,
10.1101/2024.01.15.574667,1412.6980,asserted,,True,True,False,True,2024011922450447000_2024.01.15.574667v1.41,,True,True,https://openalex.org/W1522301498,,False,,skipped,False,False,,skipped,
10.1007/978-981-16-9492-9_81,1412.6980,asserted,,True,True,False,True,81_CR8,,True,False,https://openalex.org/W1522301498,,False,,skipped,False,False,,skipped,
10.1145/3625549.3658685,1412.6980,asserted,,True,True,False,True,e_1_3_2_1_15_1,,True,False,https://openalex.org/W1522301498,,False,,skipped,False,False,,skipped,
10.1007/s11565-022-00441-6,1412.6980,asserted,publisher,True,True,True,False,441_CR21,,True,False,https://openalex.org/W1522301498,,False,,skipped,False,False,,skipped,
10.1007/s10489-021-02731-6,1412.6980,asserted,,True,True,False,True,2731_CR34,,True,False,https://openalex.org/W1522301498,,False,,skipped,False,False,,skipped,
10.1039/d5dd00158g,1412.6980,asserted,publisher,True,True,True,False,D5DD00158G/cit54/1,,True,False,https://openalex.org/W1522301498,,False,,skipped,False,False,,skipped,
10.1080/13658816.2019.1599895,1412.6980,asserted,,True,True,False,True,CIT0021,,True,False,https://openalex.org/W1522301498,,False,,skipped,False,False,,skipped,
10.20965/jaciii.2020.p0855,1412.6980,asserted,,True,True,False,True,key-10.20965/jaciii.2020.p0855-21,,True,True,https://openalex.org/W1522301498,,False,,skipped,False,False,,skipped,
10.1364/ao.542567,1412.6980,asserted,publisher,True,True,True,False,ao-64-7-B90-R41,,True,False,https://openalex.org/W1522301498,,False,,skipped,False,False,,skipped,
10.1007/978-3-031-72104-5_54,1412.6980,asserted,publisher,True,True,True,False,54_CR11,,True,False,https://openalex.org/W1522301498,,False,,skipped,False,False,,skipped,
10.1007/978-981-96-0116-5_21,1412.6980,asserted,,True,True,False,True,21_CR9,,True,False,https://openalex.org/W1522301498,,False,,skipped,False,False,,skipped,
10.1007/s00530-024-01261-8,1412.6980,asserted,,True,True,False,True,1261_CR25,,True,False,https://openalex.org/W1522301498,,False,,skipped,False,False,,skipped,
10.1145/3581783.3612435,1412.6980,asserted,,True,True,False,True,e_1_3_2_1_28_1,,True,False,https://openalex.org/W1522301498,,False,,skipped,False,False,,skipped,
10.1145/3474710,1412.6980,asserted,,True,True,False,True,e_1_2_1_27_1,,True,False,https://openalex.org/W1522301498,,False,,skipped,False,False,,skipped,
10.1016/j.jhydrol.2023.129354,1412.6980,asserted,,True,True,False,True,10.1016/j.jhydrol.2023.129354_b0150,,True,False,https://openalex.org/W1522301498,,False,,skipped,False,False,,skipped,
10.1186/s13636-018-0144-6,1412.6980,asserted,,True,True,False,True,144_CR54,,True,False,https://openalex.org/W1522301498,,False,,skipped,False,False,,skipped,
10.1088/2057-1976/ae0b75,1412.6980,asserted,publisher,True,True,True,False,bpexae0b75bib42,,True,False,https://openalex.org/W1522301498,,False,,skipped,False,False,,skipped,
10.1007/978-3-030-30241-2_46,1412.6980,asserted,,True,True,False,True,46_CR6,,True,False,https://openalex.org/W1522301498,,False,,skipped,False,False,,skipped,
10.1109/acoit62457.2024.10939822,1412.6980,asserted,,True,True,False,True,ref13,,True,False,https://openalex.org/W1522301498,,False,,skipped,False,False,,skipped,
10.1007/978-3-030-52856-0_35,1412.6980,asserted,,True,True,False,True,35_CR12,,True,False,https://openalex.org/W1522301498,,False,,skipped,False,False,,skipped,
10.1038/s42256-022-00595-0,1412.6980,asserted,,True,True,False,True,595_CR57,,True,False,https://openalex.org/W1522301498,,False,,skipped,False,False,,skipped,
10.22331/q-2021-01-25-386,1412.6980,asserted,,True,True,False,True,20,,True,False,https://openalex.org/W1522301498,,False,,skipped,False,False,,skipped,
10.1109/iccc62479.2024.10681801,1412.6980,asserted,,True,True,False,True,ref19,,True,True,https://openalex.org/W1522301498,,False,,skipped,False,False,,skipped,
10.1007/978-3-030-58577-8_25,1412.6980,asserted,,True,True,False,True,25_CR20,,True,False,https://openalex.org/W1522301498,,False,,skipped,False,False,,skipped,
10.1016/j.neuroimage.2022.118934,1412.6980,asserted,,True,True,False,True,10.1016/j.neuroimage.2022.118934_bib0022,,True,False,https://openalex.org/W1522301498,,False,,skipped,False,False,,skipped,
10.1007/978-3-031-19815-1_18,1412.6980,asserted,,True,True,False,True,18_CR24,,True,False,https://openalex.org/W1522301498,,False,,skipped,False,False,,skipped,
10.1007/978-981-99-1256-8_11,1412.6980,asserted,,True,True,False,True,11_CR18,,True,False,https://openalex.org/W1522301498,,False,,skipped,False,False,,skipped,
10.1101/2025.06.03.657632,1412.6980,asserted,,True,True,False,True,2025060908300778000_2025.06.03.657632v1.95,,True,False,https://openalex.org/W1522301498,,False,,skipped,False,False,,skipped,
10.1007/s10107-021-01629-y,1412.6980,asserted,,True,True,False,True,1629_CR47,,True,False,https://openalex.org/W1522301498,,False,,skipped,False,False,,skipped,
10.1007/s00521-022-07455-3,1412.6980,asserted,,True,True,False,True,7455_CR19,,True,False,https://openalex.org/W1522301498,,False,,skipped,False,False,,skipped,
10.1109/tcsvt.2024.3422869,1412.6980,asserted,,True,True,False,True,ref67,,True,True,https://openalex.org/W1522301498,,False,,skipped,False,False,,skipped,
10.1038/s41598-025-97215-9,1412.6980,asserted,publisher,True,True,True,False,97215_CR47,,True,False,https://openalex.org/W1522301498,,False,,skipped,False,False,,skipped,
10.1145/3696410.3714906,1412.6980,asserted,,True,True,False,True,e_1_3_2_1_15_1,,True,False,https://openalex.org/W1522301498,,False,,skipped,False,False,,skipped,
10.1186/s12859-023-05354-5,1412.6980,asserted,publisher,True,True,True,False,5354_CR42,,True,False,https://openalex.org/W1522301498,,False,,skipped,False,False,,skipped,
10.2967/jnumed.125.269636,1412.6980,asserted,,True,True,False,True,2025110708450912000_66.11.1827.16,,True,False,https://openalex.org/W1522301498,,False,,skipped,False,False,,skipped,
10.1145/3664647.3681099,1412.6980,asserted,,True,True,False,True,e_1_3_2_1_19_1,,True,False,https://openalex.org/W1522301498,,False,,skipped,False,False,,skipped,
10.1007/978-3-032-05325-1_31,1412.6980,asserted,,True,True,False,True,31_CR13,,True,False,https://openalex.org/W1522301498,,False,,skipped,False,False,,skipped,
